guid,crc?,entry name,Japanese,English,French,Italian,German,Spanish,Russian,Polish,Dutch,Portuguese,PortugueseBr,Korean,TraditionalChinese,SimplifiedChinese,Finnish,Swedish,Danish,Norwegian,Czech,Hungarian,Slovak,Arabic,Turkish,Bulgarian,Greek,Romanian,Thai,Ukrainian,Vietnamese,Indonesian,Fiction,Hindi,LatinAmericanSpanish
c7100f68-5218-4e09-be95-2fa67cbc39d9,2625973641,Smithy_Armor_Tabmenu_04_MR,MR防具,Master Rank,Rang Maître,Grado maestro,Meisterrang,Rango maestro,Ранг мастера,Ranga mistrz.,,,Ranque Mestre,MR 방어구,精英防具,大师等级防具,,,,,,,,رتبة القائد,,,,,,,,,,,
cae7f54c-65ad-4b6a-a1aa-bcec04c39238,1191500754,Smithy_TopSubMenu_Deco_03_MR,百竜装飾品の生産,Create Rampage Decorations,Créer des joyaux Calamité,Crea gioielli furia,Rndale-Dkrtion schmdn,Crear adornos Frenesí,Создать украшения Буйства,Stwórz ozdoby Furii,,,Criar Adornos Frenesi,백룡 장식품 생산,生產百龍飾品,生产百龙装饰品,,,,,,,,صنع زينة الغضب العارم,,,,,,,,,,,
5e3b5e4b-ca63-4dcc-907b-7df06342c255,1942742820,Smithy_Armor_Tabmenu_Short_01_MR,下位,Low Rank,Novice,Basso grado,Niedrigrangig,Rango bajo,Низкий ранг,Niski poz.,,,Ranque Baixo,하위,初階,下位,,,,,,,,رتبة منخفضة,,,,,,,,,,,
cfe5223d-0c2e-4faf-af4a-854f865bcb86,4194980428,Smithy_Armor_Tabmenu_Short_02_MR,上位,High Rank,Expert,Alto grado,Hochrangig,Rango alto,Высокий ранг,Wysoki poz.,,,Ranque Elevado,상위,進階,上位,,,,,,,,رتبة مرتفعة,,,,,,,,,,,
83276820-8aed-4dd4-bed8-f6aab8d93a64,1382139994,Smithy_Armor_Tabmenu_Short_03_MR,MR,Master Rank,Rang Maître,Grado maestro,Meisterrang,Rango maestro,Ранг мастера,Ranga mist.,,,Ranque Mestre,MR,精英,大师等级,,,,,,,,رتبة القائد,,,,,,,,,,,
6645f301-5ea4-40c4-a4fc-d0e534a1b45d,2024813475,Smithy_Topmenu_08_MR,武器の傀異錬成,Qurious Weapon Crafting,Artisanat Qurieux - Armes,Qura arma,Quriose Waffenherstellung,Artesanía Qurio arma,Создание причуд — оружие,Tworzenie broni z Qurio,,,Criação de Arma Quiral,무기의 괴이 연성,武器傀異鍊成,武器的怪异炼化,,,,,,,,صناعة سلاح الكوريو,,,,,,,,,,,
f13760e9-3459-477f-b4fc-877e7fc057c2,1340517550,Smithy_Topmenu_09_MR,防具の傀異錬成,Qurious Armor Crafting,Artisanat Qurieux - Armures,Qura armatura,Quriose Rüstungsherstellung,Artesanía Qurio armadura,Создание причуд — доспехи,Tworzenie pancerza z Qurio,,,Criação de Armadura Quiral,방어구의 괴이 연성,防具傀異鍊成,防具的怪异炼化,,,,,,,,صناعة درع الكوريو,,,,,,,,,,,
baea79e9-3c30-4700-8771-9ba51bdeef68,2004462729,Smithy_TopSubMenu_Custom_01_MR,傀異適応,Enable Augmentation,Activer Amélioration,Abilita elevazione,Augmentation aktivieren,Activar alteraciones,Включить модификации,Włącz wzmocnienie,,,Habilitar Quiração,괴이 적응,傀異適應,怪异适应,,,,,,,,تفعيل التضخيم,,,,,,,,,,,
2df4c742-0a3a-484a-a16b-6084080f2daa,2865197991,Smithy_TopSubMenu_Custom_02_MR,傀異錬成,Qurious Crafting,Artisanat Qurieux,Creazioni quriose,Quriose Herstellung,Artesanía Qurio,Создание причуд,Ulepszenia z Qurio,,,Criação Quiral,괴이 연성,傀異鍊成,怪异炼化,,,,,,,,صناعة الكوريو,,,,,,,,,,,
3942e4bf-0282-4ba8-a110-e32133ee2bf1,2419005301,Smithy_TopSubMenu_Custom_03_MR,傀異強化リセット,Reset Augmentation,Réinitialiser Améliorations,Rimuovi elevazione,Augmentation zurücksetzen,Reiniciar alteración,Сбросить улучшение,Zresetuj wzmocnienie,,,Redefinir Aumento,괴이 강화 리셋,重置傀異強化,怪异强化重置,,,,,,,,إعادة تعيين تضخيم السلاح,,,,,,,,,,,
c9d5565b-3f60-4498-a2a0-42ba85a83959,91140335,Smithy_CustomBuildup_Menu_01_MR,傀異強化結果,Augmentation Results,Résultats,Risultati elevazione,Augmentationsergebnisse,Resultados de alteración,Результат модификации,Wyniki wzmocnienia,,,Resultados de Aumento,괴이 강화 결과,傀異強化結果,怪异强化结果,,,,,,,,نتائج التضخيم,,,,,,,,,,,
1f1fce47-ccc0-4cd2-b4e5-a8c097c5e8f5,1465113593,Smithy_CustomBuildup_Result_01_MR,強化後のステータス,Augmented Status,Après Amélioration,Stato elevato,Augmentationsstatus,Estado con alteración,Статус модификации,Wzmocnienie,,,Status Aumentado,강화 후의 스테이터스,強化後的數值,强化后的状态,,,,,,,,حالة التضخيم,,,,,,,,,,,
f182447b-808b-4134-a187-6c9bf38a320b,1391001179,Smithy_CustomBuildup_Result_02_MR,現在のステータス,Current Status,Actuellement,Stato attuale,Aktueller Status,Estado actual,Текущий статус,Bieżący status,,,Status Atual,현재 스테이터스,現在的數值,当前的状态,,,,,,,,الوضع الحالي,,,,,,,,,,,
cb7394d3-f131-4221-a5f5-f743fe5eb299,1256540286,Smithy_CustomBuildup_Category_01_MR,傀異強化,Augment,Amélioration,Eleva,Augmentieren,Añadir alteración,Модификация,Wzmocnij,,,Aumentar,괴이 강화,傀異強化,怪异强化,,,,,,,,التضخيم,,,,,,,,,,,
9b95c4f4-3bf1-47a7-8111-4b3f70d1b251,416444899,Smithy_CustomBuildup_Category_02_MR,<COLOR FF0000>#Rejected#</COLOR> Smithy_CustomBuildup_Category_02_MR,<COLOR FF0000>#Rejected#</COLOR> Smithy_CustomBuildup_Category_02_MR,<COLOR FF0000>#Rejected#</COLOR> Smithy_CustomBuildup_Category_02_MR,<COLOR FF0000>#Rejected#</COLOR> Smithy_CustomBuildup_Category_02_MR,<COLOR FF0000>#Rejected#</COLOR> Smithy_CustomBuildup_Category_02_MR,<COLOR FF0000>#Rejected#</COLOR> Smithy_CustomBuildup_Category_02_MR,<COLOR FF0000>#Rejected#</COLOR> Smithy_CustomBuildup_Category_02_MR,<COLOR FF0000>#Rejected#</COLOR> Smithy_CustomBuildup_Category_02_MR,<COLOR FF0000>#Rejected#</COLOR> Smithy_CustomBuildup_Category_02_MR,<COLOR FF0000>#Rejected#</COLOR> Smithy_CustomBuildup_Category_02_MR,<COLOR FF0000>#Rejected#</COLOR> Smithy_CustomBuildup_Category_02_MR,<COLOR FF0000>#Rejected#</COLOR> Smithy_CustomBuildup_Category_02_MR,<COLOR FF0000>#Rejected#</COLOR> Smithy_CustomBuildup_Category_02_MR,<COLOR FF0000>#Rejected#</COLOR> Smithy_CustomBuildup_Category_02_MR,<COLOR FF0000>#Rejected#</COLOR> Smithy_CustomBuildup_Category_02_MR,<COLOR FF0000>#Rejected#</COLOR> Smithy_CustomBuildup_Category_02_MR,<COLOR FF0000>#Rejected#</COLOR> Smithy_CustomBuildup_Category_02_MR,<COLOR FF0000>#Rejected#</COLOR> Smithy_CustomBuildup_Category_02_MR,<COLOR FF0000>#Rejected#</COLOR> Smithy_CustomBuildup_Category_02_MR,<COLOR FF0000>#Rejected#</COLOR> Smithy_CustomBuildup_Category_02_MR,<COLOR FF0000>#Rejected#</COLOR> Smithy_CustomBuildup_Category_02_MR,<COLOR FF0000>#Rejected#</COLOR> Smithy_CustomBuildup_Category_02_MR,<COLOR FF0000>#Rejected#</COLOR> Smithy_CustomBuildup_Category_02_MR,<COLOR FF0000>#Rejected#</COLOR> Smithy_CustomBuildup_Category_02_MR,<COLOR FF0000>#Rejected#</COLOR> Smithy_CustomBuildup_Category_02_MR,<COLOR FF0000>#Rejected#</COLOR> Smithy_CustomBuildup_Category_02_MR,<COLOR FF0000>#Rejected#</COLOR> Smithy_CustomBuildup_Category_02_MR,<COLOR FF0000>#Rejected#</COLOR> Smithy_CustomBuildup_Category_02_MR,<COLOR FF0000>#Rejected#</COLOR> Smithy_CustomBuildup_Category_02_MR,<COLOR FF0000>#Rejected#</COLOR> Smithy_CustomBuildup_Category_02_MR,<COLOR FF0000>#Rejected#</COLOR> Smithy_CustomBuildup_Category_02_MR,<COLOR FF0000>#Rejected#</COLOR> Smithy_CustomBuildup_Category_02_MR,<COLOR FF0000>#Rejected#</COLOR> Smithy_CustomBuildup_Category_02_MR
d56bcaa0-bfd6-460b-ac2c-f800ee159d50,1458954783,Smithy_CustomBuildup_Process_Head_01_MR,<COLOR FF0000>#Rejected#</COLOR> Smithy_CustomBuildup_Process_Head_01_MR,<COLOR FF0000>#Rejected#</COLOR> Smithy_CustomBuildup_Process_Head_01_MR,<COLOR FF0000>#Rejected#</COLOR> Smithy_CustomBuildup_Process_Head_01_MR,<COLOR FF0000>#Rejected#</COLOR> Smithy_CustomBuildup_Process_Head_01_MR,<COLOR FF0000>#Rejected#</COLOR> Smithy_CustomBuildup_Process_Head_01_MR,<COLOR FF0000>#Rejected#</COLOR> Smithy_CustomBuildup_Process_Head_01_MR,<COLOR FF0000>#Rejected#</COLOR> Smithy_CustomBuildup_Process_Head_01_MR,<COLOR FF0000>#Rejected#</COLOR> Smithy_CustomBuildup_Process_Head_01_MR,<COLOR FF0000>#Rejected#</COLOR> Smithy_CustomBuildup_Process_Head_01_MR,<COLOR FF0000>#Rejected#</COLOR> Smithy_CustomBuildup_Process_Head_01_MR,<COLOR FF0000>#Rejected#</COLOR> Smithy_CustomBuildup_Process_Head_01_MR,<COLOR FF0000>#Rejected#</COLOR> Smithy_CustomBuildup_Process_Head_01_MR,<COLOR FF0000>#Rejected#</COLOR> Smithy_CustomBuildup_Process_Head_01_MR,<COLOR FF0000>#Rejected#</COLOR> Smithy_CustomBuildup_Process_Head_01_MR,<COLOR FF0000>#Rejected#</COLOR> Smithy_CustomBuildup_Process_Head_01_MR,<COLOR FF0000>#Rejected#</COLOR> Smithy_CustomBuildup_Process_Head_01_MR,<COLOR FF0000>#Rejected#</COLOR> Smithy_CustomBuildup_Process_Head_01_MR,<COLOR FF0000>#Rejected#</COLOR> Smithy_CustomBuildup_Process_Head_01_MR,<COLOR FF0000>#Rejected#</COLOR> Smithy_CustomBuildup_Process_Head_01_MR,<COLOR FF0000>#Rejected#</COLOR> Smithy_CustomBuildup_Process_Head_01_MR,<COLOR FF0000>#Rejected#</COLOR> Smithy_CustomBuildup_Process_Head_01_MR,<COLOR FF0000>#Rejected#</COLOR> Smithy_CustomBuildup_Process_Head_01_MR,<COLOR FF0000>#Rejected#</COLOR> Smithy_CustomBuildup_Process_Head_01_MR,<COLOR FF0000>#Rejected#</COLOR> Smithy_CustomBuildup_Process_Head_01_MR,<COLOR FF0000>#Rejected#</COLOR> Smithy_CustomBuildup_Process_Head_01_MR,<COLOR FF0000>#Rejected#</COLOR> Smithy_CustomBuildup_Process_Head_01_MR,<COLOR FF0000>#Rejected#</COLOR> Smithy_CustomBuildup_Process_Head_01_MR,<COLOR FF0000>#Rejected#</COLOR> Smithy_CustomBuildup_Process_Head_01_MR,<COLOR FF0000>#Rejected#</COLOR> Smithy_CustomBuildup_Process_Head_01_MR,<COLOR FF0000>#Rejected#</COLOR> Smithy_CustomBuildup_Process_Head_01_MR,<COLOR FF0000>#Rejected#</COLOR> Smithy_CustomBuildup_Process_Head_01_MR,<COLOR FF0000>#Rejected#</COLOR> Smithy_CustomBuildup_Process_Head_01_MR,<COLOR FF0000>#Rejected#</COLOR> Smithy_CustomBuildup_Process_Head_01_MR
610a6e7c-0dc6-4e19-9340-ee4ea1b5a681,3269210956,Smithy_CustomBuildup_Process_Head_02_MR,<COLOR FF0000>#Rejected#</COLOR> Smithy_CustomBuildup_Process_Head_02_MR,<COLOR FF0000>#Rejected#</COLOR> Smithy_CustomBuildup_Process_Head_02_MR,<COLOR FF0000>#Rejected#</COLOR> Smithy_CustomBuildup_Process_Head_02_MR,<COLOR FF0000>#Rejected#</COLOR> Smithy_CustomBuildup_Process_Head_02_MR,<COLOR FF0000>#Rejected#</COLOR> Smithy_CustomBuildup_Process_Head_02_MR,<COLOR FF0000>#Rejected#</COLOR> Smithy_CustomBuildup_Process_Head_02_MR,<COLOR FF0000>#Rejected#</COLOR> Smithy_CustomBuildup_Process_Head_02_MR,<COLOR FF0000>#Rejected#</COLOR> Smithy_CustomBuildup_Process_Head_02_MR,<COLOR FF0000>#Rejected#</COLOR> Smithy_CustomBuildup_Process_Head_02_MR,<COLOR FF0000>#Rejected#</COLOR> Smithy_CustomBuildup_Process_Head_02_MR,<COLOR FF0000>#Rejected#</COLOR> Smithy_CustomBuildup_Process_Head_02_MR,<COLOR FF0000>#Rejected#</COLOR> Smithy_CustomBuildup_Process_Head_02_MR,<COLOR FF0000>#Rejected#</COLOR> Smithy_CustomBuildup_Process_Head_02_MR,<COLOR FF0000>#Rejected#</COLOR> Smithy_CustomBuildup_Process_Head_02_MR,<COLOR FF0000>#Rejected#</COLOR> Smithy_CustomBuildup_Process_Head_02_MR,<COLOR FF0000>#Rejected#</COLOR> Smithy_CustomBuildup_Process_Head_02_MR,<COLOR FF0000>#Rejected#</COLOR> Smithy_CustomBuildup_Process_Head_02_MR,<COLOR FF0000>#Rejected#</COLOR> Smithy_CustomBuildup_Process_Head_02_MR,<COLOR FF0000>#Rejected#</COLOR> Smithy_CustomBuildup_Process_Head_02_MR,<COLOR FF0000>#Rejected#</COLOR> Smithy_CustomBuildup_Process_Head_02_MR,<COLOR FF0000>#Rejected#</COLOR> Smithy_CustomBuildup_Process_Head_02_MR,<COLOR FF0000>#Rejected#</COLOR> Smithy_CustomBuildup_Process_Head_02_MR,<COLOR FF0000>#Rejected#</COLOR> Smithy_CustomBuildup_Process_Head_02_MR,<COLOR FF0000>#Rejected#</COLOR> Smithy_CustomBuildup_Process_Head_02_MR,<COLOR FF0000>#Rejected#</COLOR> Smithy_CustomBuildup_Process_Head_02_MR,<COLOR FF0000>#Rejected#</COLOR> Smithy_CustomBuildup_Process_Head_02_MR,<COLOR FF0000>#Rejected#</COLOR> Smithy_CustomBuildup_Process_Head_02_MR,<COLOR FF0000>#Rejected#</COLOR> Smithy_CustomBuildup_Process_Head_02_MR,<COLOR FF0000>#Rejected#</COLOR> Smithy_CustomBuildup_Process_Head_02_MR,<COLOR FF0000>#Rejected#</COLOR> Smithy_CustomBuildup_Process_Head_02_MR,<COLOR FF0000>#Rejected#</COLOR> Smithy_CustomBuildup_Process_Head_02_MR,<COLOR FF0000>#Rejected#</COLOR> Smithy_CustomBuildup_Process_Head_02_MR,<COLOR FF0000>#Rejected#</COLOR> Smithy_CustomBuildup_Process_Head_02_MR
7ec4bb61-627f-480f-ac6e-b1817fb476d2,2596115052,Smithy_CustomBuildup_Explain_01_MR,"必要な素材とお金を消費して
傀異強化をおこない、
防具をランダムで強化します。","Use materials and money to Augment
armor via Qurious Crafting.
<COL YEL>(Results are random.)</COL>","Utiliser des matériaux et de l'argent pour
Améliorer une armure via l'Artisanat Qurieux.
<COL YEL>(Les résultats sont aléatoires.)</COL>","Usa materiali e zenny per elevare l'armatura
con le creazioni quriose.
<COL YEL>(I risultati sono casuali.)</COL>","Nutze Materialien und Geld, um deine Rüstung
mit Qurioser Herstellung zu verbessern.
<COL YEL>(Die Ergebnisse sind zufällig.)</COL>","Gasta materiales y dinero para mejorar
una armadura con artesanía Qurio.
<COL YEL>(Los resultados se determinan al azar).</COL>","Используйте материалы и деньги для
модификации доспехов путем создания причуд.
<COL YEL>(Результаты генерируются случайным образом.)</COL>","Wzmocnij pancerz ulepszeniami z Qurio,
korzystając ze swoich pieniędzy i materiałów.
<COL YEL>(Wyniki są losowe).</COL>",,,"Usar materiais e dinheiro para Aumentar
armadura com Criação Quiral.
<COL YEL>(Resultados são aleatórios.)</COL>","필요한 소재와 돈을 소비해
괴이 강화를 실행하고
방어구를 랜덤으로 강화합니다.","消耗必要的素材與金錢進行傀異強化，
隨機強化防具。","消耗所需素材和金钱进行怪异强化，
随机强化防具。",,,,,,,,"<LSNR {استخدم} {استخدمي}> المواد والأموال لتضخيم
درع بصناعة الكوريو.
<COL YEL>(النتائج عشوائية.)</COL>",,,,,,,,,,,
b6b865e6-82d1-4886-977e-a215cd509119,2972451805,Smithy_CustomBuildup_Explain_02_MR,<COLOR FF0000>#Rejected#</COLOR> Smithy_CustomBuildup_Explain_02_MR,<COLOR FF0000>#Rejected#</COLOR> Smithy_CustomBuildup_Explain_02_MR,<COLOR FF0000>#Rejected#</COLOR> Smithy_CustomBuildup_Explain_02_MR,<COLOR FF0000>#Rejected#</COLOR> Smithy_CustomBuildup_Explain_02_MR,<COLOR FF0000>#Rejected#</COLOR> Smithy_CustomBuildup_Explain_02_MR,<COLOR FF0000>#Rejected#</COLOR> Smithy_CustomBuildup_Explain_02_MR,<COLOR FF0000>#Rejected#</COLOR> Smithy_CustomBuildup_Explain_02_MR,<COLOR FF0000>#Rejected#</COLOR> Smithy_CustomBuildup_Explain_02_MR,<COLOR FF0000>#Rejected#</COLOR> Smithy_CustomBuildup_Explain_02_MR,<COLOR FF0000>#Rejected#</COLOR> Smithy_CustomBuildup_Explain_02_MR,<COLOR FF0000>#Rejected#</COLOR> Smithy_CustomBuildup_Explain_02_MR,<COLOR FF0000>#Rejected#</COLOR> Smithy_CustomBuildup_Explain_02_MR,<COLOR FF0000>#Rejected#</COLOR> Smithy_CustomBuildup_Explain_02_MR,<COLOR FF0000>#Rejected#</COLOR> Smithy_CustomBuildup_Explain_02_MR,<COLOR FF0000>#Rejected#</COLOR> Smithy_CustomBuildup_Explain_02_MR,<COLOR FF0000>#Rejected#</COLOR> Smithy_CustomBuildup_Explain_02_MR,<COLOR FF0000>#Rejected#</COLOR> Smithy_CustomBuildup_Explain_02_MR,<COLOR FF0000>#Rejected#</COLOR> Smithy_CustomBuildup_Explain_02_MR,<COLOR FF0000>#Rejected#</COLOR> Smithy_CustomBuildup_Explain_02_MR,<COLOR FF0000>#Rejected#</COLOR> Smithy_CustomBuildup_Explain_02_MR,<COLOR FF0000>#Rejected#</COLOR> Smithy_CustomBuildup_Explain_02_MR,<COLOR FF0000>#Rejected#</COLOR> Smithy_CustomBuildup_Explain_02_MR,<COLOR FF0000>#Rejected#</COLOR> Smithy_CustomBuildup_Explain_02_MR,<COLOR FF0000>#Rejected#</COLOR> Smithy_CustomBuildup_Explain_02_MR,<COLOR FF0000>#Rejected#</COLOR> Smithy_CustomBuildup_Explain_02_MR,<COLOR FF0000>#Rejected#</COLOR> Smithy_CustomBuildup_Explain_02_MR,<COLOR FF0000>#Rejected#</COLOR> Smithy_CustomBuildup_Explain_02_MR,<COLOR FF0000>#Rejected#</COLOR> Smithy_CustomBuildup_Explain_02_MR,<COLOR FF0000>#Rejected#</COLOR> Smithy_CustomBuildup_Explain_02_MR,<COLOR FF0000>#Rejected#</COLOR> Smithy_CustomBuildup_Explain_02_MR,<COLOR FF0000>#Rejected#</COLOR> Smithy_CustomBuildup_Explain_02_MR,<COLOR FF0000>#Rejected#</COLOR> Smithy_CustomBuildup_Explain_02_MR,<COLOR FF0000>#Rejected#</COLOR> Smithy_CustomBuildup_Explain_02_MR
5eae9e4d-bfc2-4670-9091-63e184077940,2483444699,Smithy_TopSubMenu_Custom_04_MR,傀異解放,Unlock Augmentation,Débloquer Amélioration,Sblocca elevazione,Augmentation freischalten,Desbloquear alteración,Разблок. улучшение,Odblokuj wzmocnienia,,,Desbloquear Aumento,괴이 해방,傀異解放,怪异解锁,,,,,,,,فتح إجراء التضخيم,,,,,,,,,,,
2cdc4b7d-a257-4c0f-83be-8a8d5539d897,3276329738,Smithy_CustomBuildup_Result_03_MR,強化なし,Not Augmented,Aucune Amélioration,Nessuna elevazione,Nicht augmentiert,Sin alteración,(Нет модификаций),Brak wzmocnień,,,Não aumentada,강화 없음,沒有強化,无强化,,,,,,,,لم يتم التضخيم,,,,,,,,,,,
751aaa4c-a0fd-421a-be65-c774c1559bcb,419024319,Smithy_DecoCreate_Head_02_MR,百竜装飾品生産,Create Rampage Decorations,Créer des joyaux Calamité,Crea gioielli furia,Rndale-Dkrtion schmdn,Crear adornos Frenesí,Создать украшения Буйства,Stwórz ozdoby Furii,,,Criar Adornos Frenesi,백룡 장식품 생산,生產百龍飾品,生产百龙装饰品,,,,,,,,صنع زينة الغضب العارم,,,,,,,,,,,
83a18c5c-7e99-4fb8-88dd-129b89fc5ff7,3924063337,Smithy_DecoCreate_Head_03_MR,百竜装飾品,Rampage Slots,Emplacements Calamité,Slot furia,Randale-Slots,Espacios Frenesí,Ячейки Буйства,Gniazda Furii,,,Engastes do Frenesi,백룡 장식품,百龍飾品,百龙装饰品,,,,,,,,فتحات الغضب العارم,,,,,,,,,,,
6f0ef5b7-10ff-4e82-bd9f-4bbacdde8f4a,2613985245,Smithy_CustomBuildup_release_01_MR,未装着,Unequipped,Non équipé,Non equipaggiato,Nicht ausgerüstet,Sin equipar,Не исп.,Niewyekwipowane,,,Removido,미장착,未裝備,未装备,,,,,,,,غير مُستخدم,,,,,,,,,,,
bdf0b53b-2ba3-497c-b875-d33ae5921b9f,3689945036,Smithy_CustomBuildup_release_02_MR,解放する,Unlock,Débloquer,Sblocca,Freischalten,Desbloquear,Разблокировать,Odblokuj,,,Desbloquear,해방하기,解放,解锁,,,,,,,,فتح,,,,,,,,,,,
9adf3fe2-1518-4461-b8a3-cd2306e6ac55,2338852904,Smithy_CustomBuildup_Process_Head_03_MR,<COLOR FF0000>#Rejected#</COLOR> Smithy_CustomBuildup_Process_Head_03_MR,<COLOR FF0000>#Rejected#</COLOR> Smithy_CustomBuildup_Process_Head_03_MR,<COLOR FF0000>#Rejected#</COLOR> Smithy_CustomBuildup_Process_Head_03_MR,<COLOR FF0000>#Rejected#</COLOR> Smithy_CustomBuildup_Process_Head_03_MR,<COLOR FF0000>#Rejected#</COLOR> Smithy_CustomBuildup_Process_Head_03_MR,<COLOR FF0000>#Rejected#</COLOR> Smithy_CustomBuildup_Process_Head_03_MR,<COLOR FF0000>#Rejected#</COLOR> Smithy_CustomBuildup_Process_Head_03_MR,<COLOR FF0000>#Rejected#</COLOR> Smithy_CustomBuildup_Process_Head_03_MR,<COLOR FF0000>#Rejected#</COLOR> Smithy_CustomBuildup_Process_Head_03_MR,<COLOR FF0000>#Rejected#</COLOR> Smithy_CustomBuildup_Process_Head_03_MR,<COLOR FF0000>#Rejected#</COLOR> Smithy_CustomBuildup_Process_Head_03_MR,<COLOR FF0000>#Rejected#</COLOR> Smithy_CustomBuildup_Process_Head_03_MR,<COLOR FF0000>#Rejected#</COLOR> Smithy_CustomBuildup_Process_Head_03_MR,<COLOR FF0000>#Rejected#</COLOR> Smithy_CustomBuildup_Process_Head_03_MR,<COLOR FF0000>#Rejected#</COLOR> Smithy_CustomBuildup_Process_Head_03_MR,<COLOR FF0000>#Rejected#</COLOR> Smithy_CustomBuildup_Process_Head_03_MR,<COLOR FF0000>#Rejected#</COLOR> Smithy_CustomBuildup_Process_Head_03_MR,<COLOR FF0000>#Rejected#</COLOR> Smithy_CustomBuildup_Process_Head_03_MR,<COLOR FF0000>#Rejected#</COLOR> Smithy_CustomBuildup_Process_Head_03_MR,<COLOR FF0000>#Rejected#</COLOR> Smithy_CustomBuildup_Process_Head_03_MR,<COLOR FF0000>#Rejected#</COLOR> Smithy_CustomBuildup_Process_Head_03_MR,<COLOR FF0000>#Rejected#</COLOR> Smithy_CustomBuildup_Process_Head_03_MR,<COLOR FF0000>#Rejected#</COLOR> Smithy_CustomBuildup_Process_Head_03_MR,<COLOR FF0000>#Rejected#</COLOR> Smithy_CustomBuildup_Process_Head_03_MR,<COLOR FF0000>#Rejected#</COLOR> Smithy_CustomBuildup_Process_Head_03_MR,<COLOR FF0000>#Rejected#</COLOR> Smithy_CustomBuildup_Process_Head_03_MR,<COLOR FF0000>#Rejected#</COLOR> Smithy_CustomBuildup_Process_Head_03_MR,<COLOR FF0000>#Rejected#</COLOR> Smithy_CustomBuildup_Process_Head_03_MR,<COLOR FF0000>#Rejected#</COLOR> Smithy_CustomBuildup_Process_Head_03_MR,<COLOR FF0000>#Rejected#</COLOR> Smithy_CustomBuildup_Process_Head_03_MR,<COLOR FF0000>#Rejected#</COLOR> Smithy_CustomBuildup_Process_Head_03_MR,<COLOR FF0000>#Rejected#</COLOR> Smithy_CustomBuildup_Process_Head_03_MR,<COLOR FF0000>#Rejected#</COLOR> Smithy_CustomBuildup_Process_Head_03_MR
084ef155-18ea-48fc-baa8-d7823df689d7,2127281508,Smithy_CustomBuildup_Explain_03_MR,"これまでの傀異強化の内容をもとに戻します。
<COL RED>使用した素材とお金は戻りません。</COL>","All Augmentations will be removed.
<COL RED>Materials and money will not be returned.</COL>","Réinitialiser les Améliorations ?
<COL RED>(Les matériaux et l'argent consommés
ne seront pas restitués.)</COL>","Tutte le elevazioni verranno rimosse.
<COL RED>I materiali e il denaro usati
non verranno restituiti.</COL>","Alle Augmentationen werden entfernt.
<COL RED>Materialien und Geld gehen verloren.</COL>","Se eliminarán todas las alteraciones.
<COL RED>(No recuperarás ni los materiales ni el
dinero).</COL>","Все улучшения будут отменены.
<COL RED>Потраченные материалы и деньги
не вернутся.</COL>","Wszystkie wzmocnienia będą usunięte.
<COL RED>Użyte materiały i pieniądze nie zostaną zwrócone.</COL>",,,"Todos os Aumentos serão removidos.
<COL RED>Materiais e dinheiro não serão devolvidos.</COL>","지금까지 한 괴이 강화 내용을 원래대로 되돌립니다.
<COL RED>사용한 소재와 돈은 반환되지 않습니다.</COL>","將至今的傀異強化變回原狀。
<COL RED>將不會歸還已使用的素材和金錢。</COL>","重置进行过的怪异强化，恢复为之前的状态。
<COL RED>（不会返还使用的素材和金钱）</COL>",,,,,,,,"سيتم إزالة جميع عمليات التضخيم.
<COL RED>لن يتم إرجاع المواد والأموال.</COL>",,,,,,,,,,,
fc2a6c20-2dc7-497b-87f0-52c91d38f066,3428696174,Smithy_CustomBuildup_Process_Head_04_MR,<COLOR FF0000>#Rejected#</COLOR> Smithy_CustomBuildup_Process_Head_04_MR,<COLOR FF0000>#Rejected#</COLOR> Smithy_CustomBuildup_Process_Head_04_MR,<COLOR FF0000>#Rejected#</COLOR> Smithy_CustomBuildup_Process_Head_04_MR,<COLOR FF0000>#Rejected#</COLOR> Smithy_CustomBuildup_Process_Head_04_MR,<COLOR FF0000>#Rejected#</COLOR> Smithy_CustomBuildup_Process_Head_04_MR,<COLOR FF0000>#Rejected#</COLOR> Smithy_CustomBuildup_Process_Head_04_MR,<COLOR FF0000>#Rejected#</COLOR> Smithy_CustomBuildup_Process_Head_04_MR,<COLOR FF0000>#Rejected#</COLOR> Smithy_CustomBuildup_Process_Head_04_MR,<COLOR FF0000>#Rejected#</COLOR> Smithy_CustomBuildup_Process_Head_04_MR,<COLOR FF0000>#Rejected#</COLOR> Smithy_CustomBuildup_Process_Head_04_MR,<COLOR FF0000>#Rejected#</COLOR> Smithy_CustomBuildup_Process_Head_04_MR,<COLOR FF0000>#Rejected#</COLOR> Smithy_CustomBuildup_Process_Head_04_MR,<COLOR FF0000>#Rejected#</COLOR> Smithy_CustomBuildup_Process_Head_04_MR,<COLOR FF0000>#Rejected#</COLOR> Smithy_CustomBuildup_Process_Head_04_MR,<COLOR FF0000>#Rejected#</COLOR> Smithy_CustomBuildup_Process_Head_04_MR,<COLOR FF0000>#Rejected#</COLOR> Smithy_CustomBuildup_Process_Head_04_MR,<COLOR FF0000>#Rejected#</COLOR> Smithy_CustomBuildup_Process_Head_04_MR,<COLOR FF0000>#Rejected#</COLOR> Smithy_CustomBuildup_Process_Head_04_MR,<COLOR FF0000>#Rejected#</COLOR> Smithy_CustomBuildup_Process_Head_04_MR,<COLOR FF0000>#Rejected#</COLOR> Smithy_CustomBuildup_Process_Head_04_MR,<COLOR FF0000>#Rejected#</COLOR> Smithy_CustomBuildup_Process_Head_04_MR,<COLOR FF0000>#Rejected#</COLOR> Smithy_CustomBuildup_Process_Head_04_MR,<COLOR FF0000>#Rejected#</COLOR> Smithy_CustomBuildup_Process_Head_04_MR,<COLOR FF0000>#Rejected#</COLOR> Smithy_CustomBuildup_Process_Head_04_MR,<COLOR FF0000>#Rejected#</COLOR> Smithy_CustomBuildup_Process_Head_04_MR,<COLOR FF0000>#Rejected#</COLOR> Smithy_CustomBuildup_Process_Head_04_MR,<COLOR FF0000>#Rejected#</COLOR> Smithy_CustomBuildup_Process_Head_04_MR,<COLOR FF0000>#Rejected#</COLOR> Smithy_CustomBuildup_Process_Head_04_MR,<COLOR FF0000>#Rejected#</COLOR> Smithy_CustomBuildup_Process_Head_04_MR,<COLOR FF0000>#Rejected#</COLOR> Smithy_CustomBuildup_Process_Head_04_MR,<COLOR FF0000>#Rejected#</COLOR> Smithy_CustomBuildup_Process_Head_04_MR,<COLOR FF0000>#Rejected#</COLOR> Smithy_CustomBuildup_Process_Head_04_MR,<COLOR FF0000>#Rejected#</COLOR> Smithy_CustomBuildup_Process_Head_04_MR
2a2b3bd2-908f-4bc9-968b-3322c2b3974f,509499441,Smithy_TopMenu_01_MR,武器の生産・強化,Forge/Upgrade Weapons,Forger/Amél. armes,Forgia/Migliora armi,Schmiede/verbessere Waffen,Forjar/mejorar armas,Выков./улучш. оружие,Wykuj/ulepsz broń,,,Forjar/Melhorar Armas,무기 생산/강화,生產、強化武器,生产/强化武器,,,,,,,,تشكيل/ترقية الأسلحة,,,,,,,,,,,
b88caa81-e350-468d-9176-dead0bf856a3,3733317858,Smithy_TopMenu_02_MR,重ね着装備の生産,Forge Layered Weapons,Forger armes spéciales,Forgia stili arma,Schmiede Dekorwaffen,Forjar armas superp.,Выков.многосл.оружие,Wykuj broń warstwową,,,Forjar Armas em Camadas,무기 덧입히기 장비 생산,生產外觀裝備,生产外观装备,,,,,,,,تشكيل أسلحة بمستويات,,,,,,,,,,,
884cc0d2-f9ee-4b8b-a75c-a468df8dd3fd,3625053357,Smithy_CustomBuildup_Explain_04_MR,傀異強化が可能な状態にします。,Enable Augmentation for this armor.,Activer les Améliorations pour cette armure.,Abilita le elevazioni per quest'armatura.,Ermögliche Augmentation für diese Rüstung.,Activa las alteraciones para esta armadura.,Включить модификации для этих доспехов.,Włącz wzmocnienia dla tego pancerza.,,,Ativar Aumento para esta armadura.,괴이 강화를 가능하게 합니다.,將防具變為可進行傀異強化的狀態。,变为可进行怪异强化的状态。,,,,,,,,تمكين تضخيم هذا الدرع.,,,,,,,,,,,
6fe67d55-846a-44b3-8de7-9a6b1a239ccb,2742518658,Smithy_CustomBuildup_release_03_MR,<COLOR FF0000>#Rejected#</COLOR> Smithy_CustomBuildup_release_03_MR,<COLOR FF0000>#Rejected#</COLOR> Smithy_CustomBuildup_release_03_MR,<COLOR FF0000>#Rejected#</COLOR> Smithy_CustomBuildup_release_03_MR,<COLOR FF0000>#Rejected#</COLOR> Smithy_CustomBuildup_release_03_MR,<COLOR FF0000>#Rejected#</COLOR> Smithy_CustomBuildup_release_03_MR,<COLOR FF0000>#Rejected#</COLOR> Smithy_CustomBuildup_release_03_MR,<COLOR FF0000>#Rejected#</COLOR> Smithy_CustomBuildup_release_03_MR,<COLOR FF0000>#Rejected#</COLOR> Smithy_CustomBuildup_release_03_MR,<COLOR FF0000>#Rejected#</COLOR> Smithy_CustomBuildup_release_03_MR,<COLOR FF0000>#Rejected#</COLOR> Smithy_CustomBuildup_release_03_MR,<COLOR FF0000>#Rejected#</COLOR> Smithy_CustomBuildup_release_03_MR,<COLOR FF0000>#Rejected#</COLOR> Smithy_CustomBuildup_release_03_MR,<COLOR FF0000>#Rejected#</COLOR> Smithy_CustomBuildup_release_03_MR,<COLOR FF0000>#Rejected#</COLOR> Smithy_CustomBuildup_release_03_MR,<COLOR FF0000>#Rejected#</COLOR> Smithy_CustomBuildup_release_03_MR,<COLOR FF0000>#Rejected#</COLOR> Smithy_CustomBuildup_release_03_MR,<COLOR FF0000>#Rejected#</COLOR> Smithy_CustomBuildup_release_03_MR,<COLOR FF0000>#Rejected#</COLOR> Smithy_CustomBuildup_release_03_MR,<COLOR FF0000>#Rejected#</COLOR> Smithy_CustomBuildup_release_03_MR,<COLOR FF0000>#Rejected#</COLOR> Smithy_CustomBuildup_release_03_MR,<COLOR FF0000>#Rejected#</COLOR> Smithy_CustomBuildup_release_03_MR,<COLOR FF0000>#Rejected#</COLOR> Smithy_CustomBuildup_release_03_MR,<COLOR FF0000>#Rejected#</COLOR> Smithy_CustomBuildup_release_03_MR,<COLOR FF0000>#Rejected#</COLOR> Smithy_CustomBuildup_release_03_MR,<COLOR FF0000>#Rejected#</COLOR> Smithy_CustomBuildup_release_03_MR,<COLOR FF0000>#Rejected#</COLOR> Smithy_CustomBuildup_release_03_MR,<COLOR FF0000>#Rejected#</COLOR> Smithy_CustomBuildup_release_03_MR,<COLOR FF0000>#Rejected#</COLOR> Smithy_CustomBuildup_release_03_MR,<COLOR FF0000>#Rejected#</COLOR> Smithy_CustomBuildup_release_03_MR,<COLOR FF0000>#Rejected#</COLOR> Smithy_CustomBuildup_release_03_MR,<COLOR FF0000>#Rejected#</COLOR> Smithy_CustomBuildup_release_03_MR,<COLOR FF0000>#Rejected#</COLOR> Smithy_CustomBuildup_release_03_MR,<COLOR FF0000>#Rejected#</COLOR> Smithy_CustomBuildup_release_03_MR
a81681f5-9bb0-48ab-8837-a9cb41988f5c,1257971820,Smithy_CustomBuildup_release_04_MR,装着済み,Equipped,Équipé,Equipaggiato,Ausgerüstet,Equipada,Используется,Wyekwipowane,,,Equipado,장착됨,已裝備,已装备,,,,,,,,مُستخدم,,,,,,,,,,,
40597d8a-43a0-435a-8992-dd315e4edfc3,3603181882,Smithy_CustomBuildup_release_05_MR,解放済み,Unlocked,Déverrouillé,Sbloccato,Entsichert,Desbloqueado,Разблокировано,Odblokowane,,,Liberado,해방됨,已解放,已解锁,,,,,,,,متاح,,,,,,,,,,,
11a87d61-8ceb-4357-a55f-c770b917dfaa,2150323028,Smithy_CustomBuildup_Explain_05_MR,"傀異強化が可能な状態にします。
<COL YEL>※傀異適応した武器は、武器の生産・強化で
　巻き戻しできません。</COL>","Enable Augmentation for this weapon.
<COL RED>You cannot rollback Augmented weapons.</COL>","Activer l'Amélioration pour cette arme.
<COL RED> Vous ne pouvez pas renouveler les Améliorations
sur les armes.</COL>","Abilita l'elevazione di quest'arma.
<COL RED>Impossibile annullare l'elevazione delle armi.</COL>","Aktiviere Augmentation für diese Waffe.
<COL RED> Du kannst augmentierte Waffen
nicht rückgängig machen.</COL>","Activa las alteraciones para esta arma.
<COL RED>Las armas alteradas no se pueden revertir.</COL>","Включить модификацию для этого оружия.
<COL RED>Отменить модификацию оружия нельзя.</COL>","Włącz wzmocnienia dla tej broni.
<COL RED>Nie można cofnąć wzmocnienia broni.</COL>",,,"Ativar Aumento para esta arma.
<COL RED>Você não pode desfazer armas Aumentadas.</COL>","괴이 강화를 가능하게 합니다.
<COL YEL>※괴이 적응한 무기는 무기 생산/강화에서 
되돌릴 수 없습니다.</COL>","將武器變為可進行傀異強化的狀態。
<COL YEL>※無法於「生產、強化武器」回溯
　已進行傀異強化的武器。</COL>","变为可进行怪异强化的状态。
<COL YEL>※怪异适应后的武器无法通过
生产/强化武器而回溯。</COL>",,,,,,,,"تمكين تضخيم هذا السلاح.
<COL RED> لا يمكن التراجع عن تضخيم الأسلحة.</COL>",,,,,,,,,,,
5a8520f1-f576-4dd5-8d42-90f8e39f8f6d,860037907,Smithy_Layering_Head_01_MR,重ね着装備生産,Forge Layered Equipment,Forger équipement spécial,Forgia stile equipaggiamento,Dekorausrüstung schmieden,Forjar equipo superp.,Выковать многосл. снаряж.,Wykuj wyposażenie warstwowe,,,Forjar Equip. em Camadas,덧입는 장비 생산,生產外觀裝備,生产外观装备,,,,,,,,صنع معدات متعددة المستويات,,,,,,,,,,,
49e9ebb9-dd39-488a-8bc7-4406e1c1789c,586902168,Smithy_CustomBuildup_Category_03_MR,傀異強化・安定型,Augment: Stability,Amélior. : Stabilité,Eleva: stabilità,Augmentieren: Stabilität,Alteración: estabilidad,Модификация: стаб-ть,Wzmocn.: stabilność,,,Aumento: Estabilidade,괴이 강화-안정형,傀異強化･穩定型,怪异强化・稳定型,,,,,,,,التضخيم: الثبات,,,,,,,,,,,
6269a52c-bce4-42d1-bdc7-74dcc11187fa,2023049980,Smithy_CustomBuildup_Category_04_MR,傀異強化・スキル特化型,Augment: Skills+,Amélior. : Talents+,Eleva: super abilità,Augmentieren: Fähigkeiten+,Alteración: habilidades+,Модификация: навыки+,Wzmoc.: umiejętności+,,,Aumento: Habilidades+,괴이 강화-스킬 특화형,傀異強化･技能特化型,怪异强化・技能特化型,,,,,,,,التضخيم: المهارات+,,,,,,,,,,,
5f0e60ee-f535-44cf-a4d2-7cb503796b0e,671587481,Smithy_CustomBuildup_Category_05_MR,,,,,,,,,,,,,,,,,,,,,,,,,,,,,,,,,
7bc9c314-97fb-4f8d-a470-013d458500e8,515086612,Smithy_CustomBuildup_Explain_06_MR,"防御性能の大きな上昇が発生しやすく、
マイナス効果が発生しない安定した強化です。
<COL YEL>（スキルの変動は発生しません）</COL>","A stable augmentation with no negative
effects where a large increase in defense
is more likely to occur. <COL YEL>(Skills will not change.)</COL>","Augmentation stable sans effets
négatifs ; augmentation importante de la défense
plus probable. <COL YEL>(Talents inchangés.)</COL>","Elevazione stabile senza effetti negativi che
aumenta le probabilità di un aumento grande
della difesa. <COL YEL>(Le abilità non cambieranno.)</COL>","Eine gute Augmentation ohne negative Effekte.
Starke Erhöhung der Verteidigung wahrscheinlich.
<COL YEL>(Fähigkeiten werden sich nicht ändern.)</COL>","Una alteración estable sin efectos negativos que
hará más probable una gran subida de la
defensa <COL YEL>(sin que cambien las habilidades).</COL>","Стабильная модификация без негативных
эффектов. Велика вероятность значительного
усиления защиты. <COL YEL>(Навыки не изменятся)</COL>","Stabilne wzmocnienie bez negatywnych efektów
i z szansą na duże zwiększenie obrony.
<COL YEL>(Umiejętności się nie zmienią).</COL>",,,"Aumento estável sem efeitos negativos cujo
resultado mais provável é um grande aumento
em defesa. <COL YEL>(Habilidades não mudarão.)</COL>","방어 성능이 대폭으로 상승하기 쉽고
마이너스 효과가 발생하지 않는 안정적인
강화입니다.<COL YEL>(스킬 변화는 발생하지 않습니다)</COL>","容易大幅提升防禦相關數值，
且不會出現負面效果的穩定強化類型。
<COL YEL>（不會出現技能變動）</COL>","此强化较稳定，防御类性能容易出现大幅上升，
且不会出现负面效果。
<COL YEL>（技能不会出现改变）</COL>",,,,,,,,"تضخيم ثابت دون تأثيرات
سلبية حيث يكون من المرجح حدوث زيادة
كبيرة في الدفاع. <COL YEL>(لن تتغير المهارات.)</COL>",,,,,,,,,,,
d98302dc-1040-4364-bdab-ecf30e8d46f8,1942450883,Smithy_CustomBuildup_Explain_07_MR,"防具の持ついずれかのスキルや
耐性値が下がるかわりに、
優秀なスキルが発生しやすい強化です。","An augmentation that lowers resistance
and some skills in exchange for triggering
superior skills more easily.","Réduit la résistance et certains talents
en échange d'un déclenchement de
talents supérieurs plus facile.","Elevazione che riduce la resistenza e alcune
abilità in modo da attivarne di migliori
più facilmente.","Eine Augmentation, die den Widerstand und
einige Fähigkeiten senkt, dafür werden
bessere Fähigkeiten einfacher ausgelöst.","Una alteración que disminuye la resistencia y
ciertas habilidades y, a cambio, facilita
que se activen las habilidades superiores.","Модификация, снижающая защиту и навыки
в обмен на более частое применение
улучшенных навыков.","Wzmocnienie obniżające odporność i
niektóre umiejętności w zamian za łatwiejsze
uruchomienie lepszych umiejętności.",,,"Aumento que baixa resistência e
algumas habilidades, mas ativa habilidades
superiores com mais facilidade.","방어구가 지닌 일부 스킬과 내성치가 저하되는 대신 우수한
스킬이 발생하기 쉬운 강화입니다.","使防具擁有的某項技能或耐性值下降，
但容易出現優秀技能的強化類型。","此强化容易出现优秀技能，但防具的某个技能
或耐性值会下降。",,,,,,,,"تضخيم يقلل من المقاومة وبعض
المهارات في مقابل استخدام
المهارات المتقدمة بسهولة.",,,,,,,,,,,
46dce39d-a2fc-41c1-a4f1-a8006928346e,2858806622,Smithy_CustomBuildup_Explain_08_MR,,,,,,,,,,,,,,,,,,,,,,,,,,,,,,,,,
2a81b102-bf45-4b04-97a2-796df4721947,2743765121,Smithy_CustomBuildup_release_06_MR,解放ボーナス,Unlock Bonus,Débloquer bonus,Sblocca bonus,Bonus freischalten,Desbloquear bonus,Разблокировать бонус,Odblokuj bonus,,,Bônus de desbloqueio,해방 보너스,解放加成,解锁加成,,,,,,,,فتح المكافأة,,,,,,,,,,,
fab77f1b-3f55-4767-9848-4e86f78bed50,2712159715,Smithy_DecoCreate_Category_00_MR,,,,,,,,,,,,,,,,,,,,,,,,,,,,,,,,,
9ec88364-b7f9-4abd-84f1-7c944692b2d0,137894112,Smithy_CustomBuildup_Explain_09_MR,,,,,,,,,,,,,,,,,,,,,,,,,,,,,,,,,
