guid,crc?,<PageAttr>,<TalkAttr>,<VillageProgress>,<HallProgress>,<HunterRank>,<TalkTag>,<TalkTagParam>,<TalkTagComment>,<TalkTag>,<TalkTagParam>,<TalkTagComment>,<TalkTag>,<TalkTagParam>,<TalkTagComment>,<TalkTag>,<TalkTagParam>,<TalkTagComment>,<TalkTag>,<TalkTagParam>,<TalkTagComment>,<TalkTag>,<TalkTagParam>,<TalkTagComment>,<TalkTag>,<TalkTagParam>,<TalkTagComment>,<TalkTag>,<TalkTagParam>,<TalkTagComment>,<TalkTag>,<TalkTagParam>,<TalkTagComment>,<TalkAction1>,<TalkAction1Param>,<TalkAction1Comment>,<TalkAction2>,<TalkAction2Param>,<TalkAction2Param2>,<TalkAction2Comment>,<KohakuProgress>,entry name,Japanese,English,French,Italian,German,Spanish,Russian,Polish,Dutch,Portuguese,PortugueseBr,Korean,TraditionalChinese,SimplifiedChinese,Finnish,Swedish,Danish,Norwegian,Czech,Hungarian,Slovak,Arabic,Turkish,Bulgarian,Greek,Romanian,Thai,Ukrainian,Vietnamese,Indonesian,Fiction,Hindi,LatinAmericanSpanish
0f1a6439-1b6e-482d-9cdd-3f23e127274d,3266990246,ページ属性,会話属性,村進行度,集会所進行度,必要ハンターランク,会話タグ1,会話タグ1パラメータ,会話タグ1コメント,会話タグ2,会話タグ2パラメータ,会話タグ2コメント,会話タグ3,会話タグ3パラメータ,会話タグ3コメント,会話タグ4,会話タグ4パラメータ,会話タグ4コメント,会話タグ5,会話タグ5パラメータ,会話タグ5コメント,会話タグ6,会話タグ6パラメータ,会話タグ6コメント,会話タグ7,会話タグ7パラメータ,会話タグ7コメント,会話タグ8,会話タグ8パラメータ,会話タグ8コメント,会話タグ9,会話タグ9パラメータ,会話タグ9コメント,会話アクション1,会話アクション1パラメータ,会話アクション1コメント,会話アクション2,会話アクション2パラメータ,会話アクション2パラメータ2,会話アクション2コメント,MR進行度,nid201_MR,<COLOR FF0000>#Rejected#</COLOR> nid201_MR,<COLOR FF0000>#Rejected#</COLOR> nid201_MR,<COLOR FF0000>#Rejected#</COLOR> nid201_MR,<COLOR FF0000>#Rejected#</COLOR> nid201_MR,<COLOR FF0000>#Rejected#</COLOR> nid201_MR,<COLOR FF0000>#Rejected#</COLOR> nid201_MR,<COLOR FF0000>#Rejected#</COLOR> nid201_MR,<COLOR FF0000>#Rejected#</COLOR> nid201_MR,<COLOR FF0000>#Rejected#</COLOR> nid201_MR,<COLOR FF0000>#Rejected#</COLOR> nid201_MR,<COLOR FF0000>#Rejected#</COLOR> nid201_MR,<COLOR FF0000>#Rejected#</COLOR> nid201_MR,<COLOR FF0000>#Rejected#</COLOR> nid201_MR,<COLOR FF0000>#Rejected#</COLOR> nid201_MR,<COLOR FF0000>#Rejected#</COLOR> nid201_MR,<COLOR FF0000>#Rejected#</COLOR> nid201_MR,<COLOR FF0000>#Rejected#</COLOR> nid201_MR,<COLOR FF0000>#Rejected#</COLOR> nid201_MR,<COLOR FF0000>#Rejected#</COLOR> nid201_MR,<COLOR FF0000>#Rejected#</COLOR> nid201_MR,<COLOR FF0000>#Rejected#</COLOR> nid201_MR,<COLOR FF0000>#Rejected#</COLOR> nid201_MR,<COLOR FF0000>#Rejected#</COLOR> nid201_MR,<COLOR FF0000>#Rejected#</COLOR> nid201_MR,<COLOR FF0000>#Rejected#</COLOR> nid201_MR,<COLOR FF0000>#Rejected#</COLOR> nid201_MR,<COLOR FF0000>#Rejected#</COLOR> nid201_MR,<COLOR FF0000>#Rejected#</COLOR> nid201_MR,<COLOR FF0000>#Rejected#</COLOR> nid201_MR,<COLOR FF0000>#Rejected#</COLOR> nid201_MR,<COLOR FF0000>#Rejected#</COLOR> nid201_MR,<COLOR FF0000>#Rejected#</COLOR> nid201_MR,<COLOR FF0000>#Rejected#</COLOR> nid201_MR
a2aaf432-909f-4125-91b5-8d0b96f6ede1,3001162766,,(default)世間話,,,,この会話フラグがONなら→,EV_PRO_HALL_ADD_008_99_01,,この会話フラグがOFFなら→,EV_PRO_MR_002_01_01,,,,,,,,,,,,,,,,,,,,,,,,,,,,,,,nid201_base0_000,"この前、ハモンさんのところに
新しいお弟子さんが来たんですよ。","So, Master Hamon's new apprentice
arrived the other day.","La nouvelle apprentie de Maître Hamon
est donc arrivée l'autre jour.","La nuova apprendista di maestro Hamon
è arrivata l'altro giorno.","Meister Hamons neuer Lehrling ist
kürzlich eingetroffen.","Pues la nueva aprendiz del maestro Hamon
llegó el otro día.","Итак, на днях прибыла новая ученица
Мастера Хамона.","Niedawno zjawiła się nowa uczennica
Mistrza Hamona.",,,"Então, a nova aprendiz do Mestre Hamon
chegou outro dia.","저번에 하몬 스승님께
새 제자가 들어왔어요.",之前刀紋先生那裡來了一位新的弟子喔。,前段时间，刀纹那儿来了个新徒弟。,,,,,,,,"لقد جاءت متدربة السيد
هامون الجديدة في ذلك اليوم.",,,,,,,,,,,
763f6373-0fff-422d-86ac-8b3c8d52e5c0,1169674436,,,,,,,,,,,,,,,,,,,,,,,,,,,,,,,,,,,,,,,,,nid201_base0_001,"里の製鉄技術を学ぶため
はるばる王国から来られたみたいで。
とても勉強熱心な人でしたよ。","Traveled all the way from the Kingdom
to study the secrets of Kamura's steel!
Quite the studious young lady.","Elle a traversé tout le Royaume pour
étudier les secrets de l'acier de
Kamura ! Très studieuse cette petite.","Ha viaggiato per tutto il regno per
imparare i segreti dell'acciaio di
Kamura. Che ragazza studiosa!","Sie reiste aus dem Königreich an, um die
Geheimnisse von Kamuras Stahl zu
erforschen! Eine wissbegierige junge Dame.","¡Ha hecho todo el viaje desde el reino para
estudiar los secretos del acero de Kamura!
Una chica muy aplicada.","Проделала путь из Королевства, чтобы
познать секреты камурской стали!
Весьма прилежная юная особа.","Przyjechała aż z Królestwa, aby poznać
sekrety stali z Kamury!
Bardzo pilna młoda panna.",,,"Veio lá de longe, do Reino, para estudar
os segredos do aço de Kamura! É uma
moça muito estudiosa.","마을의 제철 기술을 배우러
왕국에서 먼 길을 오셨다는데
굉장히 성실한 분이었어요.","她為了學習神火村的製鐵技術，
不遠千里地從王國來到這裡，
是一位非常熱衷學習的人。","好像是从王国大老远过来的，就为了学习
村里的炼铁技术，真是个好学的人。",,,,,,,,"قطعت كل هذه المسافة من المملكة
لدراسة أسرار صناعة الفولاذ في كامورا!
إنها شابة مثابِرة للغاية.",,,,,,,,,,,
f5bd3e58-5dab-4ce0-b4a4-444d65100451,569567195,,,,,,,,,,,,,,,,,,,,,,,,,,,,,,,,,,,,,,,,,nid201_base0_002,"でもコジリは「里の製鉄技術って
独自の技術だからこそ里の収入源に
なってるのに、大丈夫なのかニャ？」って。","Still, Kojiri was all, ""You sure about
this? If she learned Kamura's secrets,
we're gonna lose out on some zenny!""","Et pourtant, Kojiri disait, ""Tu en
es sûr ? Si elle connaît les secrets
de Kamura, on va perdre des zenny !""","Ma Kojiri non ne era molto sicuro. Dice che,
se lei scoprirà i segreti di Kamura, il nostro
villaggio perderà parte dei profitti.","Aber Kojiri sagte nur: ""Bist du dir
sicher? Wenn sie Kamuras Geheimnisse
erfährt, verlieren wir einige Zenny!""","Pero Kojiri nos decía: ""¿estáis seguros?
Como aprenda los secretos de Kamura,
¡perderemos bastantes zenis!"".","Но Кодзири все переживал: ""Умно ли это?
Если она узнает секреты Камуры, мы
потеряем немало зени!""","Kojiri nie przestawał marudzić:
„Jesteś pewny? Jeśli pozna sekrety
Kamury, stracimy na tym trochę zeni!”",,,"Por outro lado, o Kojiri disse: ""Tem
certeza que é boa ideia? Se ela aprender
os segredos, vamos perder zennys!""","하지만 코지리는 「우리 마을의 독자적인
제철 기술이니까 수익성이 있는 건데
괜찮을까냥?」하고 걱정하더라고요.","但是鞘尾卻說：「這門製鐵技術可是
神火村獨有的技術，所以才能成為
村莊的收入來源，教給別人沒問題嗎喵？」","但鞘尾却觉得：“村里的炼铁技术是独创的，
村子就靠这个赚钱，外传会不会有问题喵？”",,,,,,,,"وما زال كوجيري يقول: ""هل <LSNR {أنت واثق} {أنتِ واثقة}>
؟ إذا عرفت سر كامورا،
فسنخسر بعض المال!""",,,,,,,,,,,
4e144635-3147-48a4-b4aa-40b26f22790f,4162224831,,,,,,,,,,,,,,,,,,,,,,,,,,,,,,,,,,,,,,,,,nid201_base0_003,"僕は単純に、広く技術が伝わるのは
いいことだって思ってましたけど、
言われてみればそうですよね。","I thought sharing knowledge with the
Kingdom was a good thing, but I could
see how that might put us in a bind.","Je pensais bien faire en partageant
des connaissances avec le Royaume, mais
cela nous rendrait plus dépendants.","Pensavo fosse un bene condividere il
nostro sapere con il regno, ma capisco
che possa essere problematico.","Ich dachte, Wissen mit dem Königreich
zu teilen, sei gut, aber ich sehe jetzt ein,
dass es für uns brenzlig werden kann.","Yo creía que compartir conocimientos con
el reino era algo bueno, aunque entiendo
que pudiera ponernos en aprietos.","Мне казалось, поделиться знаниями с
Королевством — это хорошо, но я понял,
что есть в этом и негативная сторона.","Myślałem, że dzielenie się wiedzą z
Królestwem ma same plusy, ale teraz
widzę, że może być problematyczne.",,,"Achei que compartilhar conhecimento com
o Reino era bom, mas entendo como isso
pode atrapalhar a gente.","저는 기술이 널리 알려지는 건
좋은 일이라고만 생각했는데
듣고 보니 맞는 말 같아요.","我只是單純覺得讓技術
廣為流傳是一件好事，
但牠這麼說也很有道理。","我只是觉得把技术传出去是件好事，
但被这么一说，倒也有道理。",,,,,,,,"اعتقدت أن مشاركة ما نعرفه مع المملكة
أمرٌ جيد، لكنني أدركت كيف أن ذلك
قد يوقعنا في مأزق.",,,,,,,,,,,
7a3a2747-e316-4b39-b04f-30919aa24262,3960258539,会話終了,,,,,,,,,,,,,,,,,,,,,,,,,,,,,,,,,,,,,,,,nid201_base0_004,"そういう視点は全然なかったんですよね。
やっぱりコジリはすごいなぁ。","Didn't even cross my mind... Guess
his short stature gives Kojiri a more
grounded perspective.","J'y avais pas pensé... J'imagine que
son allure trapue donne à Kojiri
un côté plus terre-à-terre.","Non ci avevo pensato... Forse, data
la sua bassa statura, Kojiri vede
le cose dalla giusta prospettiva.","Daran habe ich nicht gedacht... Ich
schätze, weil Kojiri so klein ist, hat
er eine bodenständigere Sichtweise.","La verdad es que ni se me había ocurrido...
Se ve que Kojiri, como es bajito, no tiene
la cabeza en las nubes.","А мне и в голову не приходило...
Наверное, из-за низкого роста у Кодзири
более приземленные взгляды.","Nie przyszło mi to do głowy...
Chyba jego niski wzrost daje Kojiriemu
bardziej przyziemną perspektywę.",,,"Nem tinha pensado nisso. Acho que a
baixa estatura dá ao Kojiri uma perspectiva
mas pé no chão.","그런 쪽으로는 생각도 못 했어요.
역시 코지리는 대단하네요.","我完全沒有想過那種觀點。
鞘尾果然很厲害！",我完全没想到这一点，鞘尾果然厉害。,,,,,,,,"لم يخطر ذلك على بالي... أظن أن
قامة كوجيري القصيرة تجعل
نظرته للأمور مختلفة.",,,,,,,,,,,
26845116-5972-41db-9572-67ecf3609f47,2007684700,,(default)世間話,,,,この会話フラグがONなら→,EV_PRO_MR_002_01_01,,この会話フラグがOFFなら→,EV_PRO_MR_003_01_01,,,,,,,,,,,,,,,,,,,,,,,,,,,,,,,nid201_base2_000,"いやー、おにぎりって難しいんですね。
ご飯粒が全部手にくっついちゃって
おにぎりの形にならなかったり…","Boy, rice balls are harder to make than
they look! Treat the rice too gingerly,
and the things fall apart...","Pfiou ! Les boules de riz sont
dures à faire ! Pas assez de pression
et tout tombe en miettes...","Gli onigiri sono difficili da preparare!
Se maneggi il riso con troppa cautela,
si rompono subito...","Junge, Onigiri sind schwerer zu machen
als es aussieht! Wenn man sie zu sanft
anpackt, fällt alles auseinander...","Caray, ¡hacer onigiri cuesta más de lo que
parece! Si te pasas de cuidadoso con el arroz,
acaban todos deshechos.","Н-да, делать рисовые колобки сложнее,
чем кажется! Если быть чересчур
осторожным, все разваливается...","Kurczę, onigiri wymagają więcej
pracy, niż się wydaje! Potraktuj ryż zbyt
łagodnie, a zaczną się rozpadać...",,,"Rapaz, bolinhos de arroz são mais
difíceis de fazer do que parece! Se você
pegar leve com o arroz, ele desmancha.","주먹밥 만드는 것도 쉬운 일이 아니네요.
밥알이 손에 달라붙어서
제대로 뭉쳐지지 않을 때도 있고…","哎呀～捏飯糰真的很難呢。
飯粒老是黏在我的手上，
怎麼捏都捏不出飯糰的形狀……","哎呀，饭团真难捏。满手都黏着米粒，
捏不出饭团的样子……",,,,,,,,"يا فتى، إن صنع كرات الأرز أصعب
مما توقعت! إذا تعاملت مع الأرز بحذر شديد،
سيتفتت منك...",,,,,,,,,,,
445efd0d-fafd-482e-a123-15d517004079,2981036767,,,,,,,,,,,,,,,,,,,,,,,,,,,,,,,,,,,,,,,,,nid201_base2_001,"そうならないようにって力を込めて握ったら
カッチカチのベッタベタに
なっちゃったり…。","But put too much strength into it, and
they get all hard and sticky.","Mais, trop de pression et...
elles deviennent dures et collantes.","Ma se ci metti troppa forza, diventano
duri e appiccicosi.","Aber geht man mit zu viel Kraft daran,
werden sie ganz hart und klebrig.","Pero como aprietes mucho, se quedan todos
duros y pegajosos.","Но если применить слишком много силы,
они становятся твердыми и липкими.","Użyj zbyt dużo siły, a staną się
twarde i klejące.",,,"Mas se você apertar muito,
fica duro e grudento.","그렇다고 일부러 힘을 세게 주면
꽉 뭉쳐져서 떡이 되기도 하고…","但如果怕飯粒黏手而用力捏緊的話，
飯糰就會變得太過結實，
而外頭卻黏呼呼的了……","我就怕弄成那样，所以捏得很用力，
结果饭团硬邦邦、黏糊糊的……",,,,,,,,"لكن إذا <LSNR {ضغطت} {ضغطتِ}> عليه بقوة،
سيصبح صلبًا ومتماسكًا.",,,,,,,,,,,
f602b65b-2473-4e66-a505-da6d4677ceb1,42803837,,,,,,,,,,,,,,,,,,,,,,,,,,,,,,,,,,,,,,,,,nid201_base2_002,"コジリやセイハクくんの握ったおにぎりは
手で持っても崩れないのに口に入れると
ホロっとほぐれて、すごくおいしいのに…。","The tasty rice balls Kojiri and Seihaku
make don't fall apart in your hands, but
they melt in your mouth! Witchcraft...","Les boules de riz de Kojiri et Seihaku
restent fermes en main et fondent
dans la bouche ! Prodigieux !","Gli ottimi onigiri di Kojiri e Seihaku
non si rompono tra le mani, ma si
sciolgono in bocca. Che magia!","Die leckeren Onigiri von Kojiri und
Seihaku fallen nicht auseinander, sie
schmelzen im Mund! Pure Hexerei...","Los onigiri que hacen Kojiri y Seihaku no se
deshacen en la mano, ¡sino que se derriten
en la boca! Pura brujería.","Рисовые колобки, которые делают Кодзири
и Сэйхаку, не разваливаются в руках, но
тают во рту! Колдовство какое-то...","Smaczne onigiri Kojiriego i Seihaku
nie rozpadają się w rękach,
a rozpływają w ustach! Magia...",,,"Os bolinhos de arroz gostosos que Kojiri
e Seihaku fazem não desmancham na mão,
mas derretem na boca! Bruxaria.","코지리랑 세이하쿠가 만든 주먹밥은
손으로 쥐어도 흐트러지지 않지만
입에 넣으면 사르르 풀어져서 맛있는데…","鞘尾和京米捏的飯糰握在手中時
也能保持形狀，但是一咬下去
便會在口中散開，超級好吃的……","明明鞘尾和去糠捏出来的饭团，就算被拿在
手上也不会变形，吃进嘴里却会马上散开，
味道非常好……",,,,,,,,"لا تتفتت كرات الأرز الشهية التي يصنعها كوجيري وسيهاكو
بين <LSNR {يديك} {يديكِ}>، لكنها
تذوب في فمك! إنه لسحرُ ساحر...",,,,,,,,,,,
278c6a7f-627c-48c3-981e-b361cca99e31,2734033800,,,,,,,,,,,,,,,,,,,,,,,,,,,,,,,,,,,,,,,,,nid201_base2_003,"なのでコジリに相談したら「お椀を２つ
合わせて中にご飯を入れて振るといいニャ」
って言われたんですよ。","When I asked Kojiri about it, he told
me to cup two bowls together with the
rice inside, and just give it a shake!","Kojiri m'a dit de mettre deux bols
l'un sur l'autre avec le riz dedans,
et de secouer !","Ho chiesto a Kojiri come ci riesce e
mi ha suggerito di unire due ciotole
di riso e di scuotere.","Als ich Kojiri danach fragte, sagte er,
ich solle einfach zwei Schalen Reis
zusammenklappen und schütteln!","Le pregunté a Kojiri cómo lo hace, y me dijo
que hay que juntar dos boles con arroz
¡y darles un buen meneo!","Когда я спросил об этом Кодзири, он
посоветовал мне сложить вместе две миски
с рисом и просто встряхнуть!","Kiedy zapytałem o to Kojiriego,
powiedział, żebym złączył dwie miski
z ryżem i po prostu potrząsnął!",,,"Quando perguntei ao Kojiri, ele mandou
espremer o arroz com duas cumbucas e só
dar uma chacoalhada!","코지리한테 물어봤더니 「그릇 두 개를
겹쳐서 안에 밥을 넣고 흔들어 봐라냥」
이라고 하더라고요.","於是我去問了鞘尾，牠告訴我：
「只要把兩個碗口對口蓋起來，
　然後把飯放進去搖一搖就好了喵。」","所以我去请教了鞘尾，它说道：“把两只碗的
碗口对好再合上，往里面加入米饭后摇几下就
行了喵。”",,,,,,,,"عندما سألت كوجيري عنها، أخبرني بأن
أضم وعاءين على بعضهما بعضًا
والأرز بداخلهما، ثم أقوم برجِّهما!",,,,,,,,,,,
3ce5063d-ffe7-4941-a1c4-dddbdfc2e95c,2332466600,会話終了,,,,,,,,,,,,,,,,,,,,,,,,,,,,,,,,,,,,,,,,nid201_base2_004,"その通りにしたら、うまくできました！
いやー、あんな方法もあるんですね。
コジリはなんでも知ってるなぁ。","I gave it a shot, and whattaya know,
they came out perfectly! Boy, who'd've
thunk it? Kojiri sure knows his stuff!","J'ai testé et, tu me croiras pas,
des boules parfaites ! Qui
l'eût cru ? Kojiri connait son affaire !","Ho provato e... sono venuti perfetti!
Chi l'avrebbe mai detto?! Kojiri sa il
fatto suo.","Ich versuchte es und man glaubt es kaum,
sie wurden perfekt! Junge, wer hätte so
etwas gedacht? Kojiri weiß, was er tut!","Lo probé y ¿qué crees que pasó?
¡Me quedaron perfectos! Eso no se le ocurre
a cualquiera, ¡pero sí a Kojiri!","Я попробовал, и что ты думаешь —
получились идеальные колобки! Кто б
мог подумать?! Кодзири знает свое дело!","Spróbowałem i wiesz co, wyszły idealnie!
Człowieku, kto by pomyślał?
Kojiri serio zna się na rzeczy.",,,"Eu tentei, e veja só você, ficou
perfeito! Rapaz, quem diria? O Kojiri é
mesmo muito sabido.","그대로 해 봤더니 성공했어요!
이런 방법이 있는 줄은 몰랐어요.
코지리는 참 똑똑하네요.","照著牠的方法做之後真的成功了！
沒想到還有這種方法啊。
鞘尾真的是萬事通呢。","我照办了，真的成功了！哎呀，还有这法子呢。
鞘尾真是无所不知。",,,,,,,,"جربت طريقته، وهل <LSNR {تعلم} {تعلمي}>ما حدث؟
صنعت كرات أرز رائعة! ي<LSNR {يافتى} {يافتاة}> من كان يظن أنها
ستفلح؟ كوجيري يعرف تلك الأمور فعلًا!",,,,,,,,,,,
b9575de1-0e5b-454a-a059-22ff4316d698,1374253670,,(default)世間話,,,,この会話フラグがONなら→,EV_PRO_MR_003_01_01,,この会話フラグがOFFなら→,EV_PRO_MR_004_01_01,,,,,,,,,,,,,,,,,,,,,,,,,,,,,,,nid201_base3_000,"コジリに以前、お椀を合わせておにぎりを
作る方法を教えてもらったんですけど、
あれだと中に具が入れられないんですよね。","You know how Kojiri taught me to make
rice balls—with the bowls? The thing is,
you can't add any filling that way.","Tu connais le truc de Kojiri pour les
boules de riz, avec deux bols ? Le
problème, on peut rien rajouter.","Sai che Kojiri mi ha insegnato a fare gli
onigiri con le ciotole, ma il problema è che
così non posso aggiungere il ripieno.","Weißt du, wie Kojiri mich lehrte,
Onigiri zu machen – mit den Schalen?
Doch so kann man sie nicht mehr füllen.","¿Recuerdas que Kojiri me había enseñado
a hacer onigiri con los boles? El caso es
que así no puedes ponerles relleno.","Помнишь, как Кодзири научил меня делать
рисовые колобки, двумя мисками? Проблема
в том, что так нельзя добавить начинку.","Wiesz, że Kojiri nauczył mnie robić onigiri,
używając miseczek? Sęk w tym, że nie można
wtedy dodać żadnego nadzienia.",,,"Lembra como o Kojiri me ensinou a fazer
bolinhos de arroz com cumbucas?
Só que assim não dá pra rechear.","저번에 코지리한테 그릇 두 개로 주먹밥을
만드는 법을 배웠는데, 속에 다른
재료를 넣을 수 없는 게 아쉽더라고요.","鞘尾以前曾經教過我
用兩個碗蓋起來製作飯糰的方法，
但那樣子就沒辦法在裡面放配料了。","鞘尾以前教过我合起碗做饭团的方法，
可那样就没法往饭团里放內馅了。",,,,,,,,"هل <LSNR {تعلم} {تعلمين}> الطريقة التي علمني كوجيري بها صنع
كرات الأرز -بالأطباق؟ الفكرة هي
أنه لا يمكنك حشوها بأي شيء بهذه الطريقة.",,,,,,,,,,,
6d01dff9-8875-456c-b6db-65d9e2199ca2,2389950374,,,,,,,,,,,,,,,,,,,,,,,,,,,,,,,,,,,,,,,,,nid201_base3_001,"というわけで、作ってみたんですよ。
その名も「自動おにぎり機」！","That's why I whipped up this bad boy.
I call it, ""Mr. Rice Vice!""","C'est pourquoi j'ai créé ce petit bijou.
Le ""Risétau"".","È per questo che ho creato questo aggeggio.
L'ho chiamato ""acchiappariso"".","Deshalb habe ich dieses einzigartige
Werkzeug erfunden.
Ich nenne es die ""Reiszwinge""!","Por eso me he sacado de la manga este
artilugio. Lo llamo ""el inmovilizarroz"".","Так что я смастерил вот это
приспособление. Назвал его
""Рисовый Зажим""!","Właśnie dlatego stworzyłem taką machinę.
Nazywam ją „ryżowym imadłem!”",,,"Foi por isso que inventei esse brinquedo.
Batizei de ""Sr. Aperta-Arroz""!","그래서 「자동 주먹밥 제조기」를
만들어 봤어요!","所以我就試著開發了這個東西。
它叫做「自動捏飯糰機」！","所以我做了台机器哦，它就叫
“自动捏饭团机”！",,,,,,,,"ولهذا أتيت بهذه الفكرة المبتكرة.
أسميِّها ""السيد مقبض الأرز!""",,,,,,,,,,,
2aa9e83d-010d-4b27-b1d1-53ce548e7782,3998200932,,,,,,,,,,,,,,,,,,,,,,,,,,,,,,,,,,,,,,,,,nid201_base3_002,"左右のお椀にごはんをよそって、
真ん中に具材を乗せて、ポチッ！","You put the bowls on either side, see.
Your filling of choice goes in the middle,
then you flip the switch!","Tu mets les bols de chaque côté.
Ta garniture va au milieu, puis
tu appuies sur le bouton !","Metti le ciotole su entrambi i lati,
così. Aggiungi il ripieno al centro
e poi premi l'interruttore.","Man legt die Schalen so auf die Seiten.
Deine gewünschte Füllung kommt in die
Mitte. Dann legst du den Schalter um!","Se ponen los boles a ambos lados, ¿ves?
En medio pones el relleno que quieras,
¡y luego le das al botón!","Миски ставишь по обе стороны, вот так.
Начинку сюда, в середину. Потом
нажимаешь на рычаг!","Umieszczasz jedną miskę z każdej strony.
Nadzienie kładziesz w środku,
a potem naciskasz przycisk!",,,"Você coloca as cumbucas dos lados, viu.
Aí bota o recheio no meio e aperta
o botão!","양쪽 그릇에 밥을 담은 뒤
가운데에 속 재료를 넣으면 끝!","只要在左右的碗裡盛飯，
然後在中間放上配料，按下按鈕……","往左右的碗里放米饭，往正中间放内馅，
再按一下！",,,,,,,,"<LSNR {إنك تضع} {إنكِ تضعين}> الوعاءين على جانبي المقبض، بهذه الطريقة.
<LSNR {وتضع} {وتضعين}> الحشوة التي <LSNR {تريدها} {تريدينها}> في
الوسط، ثم <LSNR {تضغط} {تضغطين}> على المقبض!",,,,,,,,,,,
466cf6a1-7b5a-4101-bebb-c984d48cee09,3775804154,,,,,,,,,,,,,,,,,,,,,,,,,,,,,,,,,,,,,,,,,nid201_base3_003,"すると、からくりがお椀を合わせて…
あとは、具材が中央にくるように
均等にフリフリしてくれるんです。","The mechanism lines up the bowls, then
shakes them in such a way as to keep
the ingredients in the middle.","Ensuite, les bols s'alignent puis
vibrent de façon à garder
les ingrédients au milieu.","Il meccanismo allinea le ciotole e
le scuote in modo che gli ingredienti
restino al centro.","Der Mechanismus richtet die Schalen erst
aus und schwenkt sie dann so, dass die
Zutaten in der Mitte gehalten werden.","El mecanismo alinea los boles y los agita
de forma que los ingredientes se quedan
en el medio.","Механизм соединяет миски и встряхивает
их таким образом, чтобы ингредиенты
оставались в середине.","Mechanizm zbliża do siebie miski,
a potem potrząsa nimi tak,
aby składniki pozostały w środku.",,,"O mecanismo alinha as cumbucas e aí
chacoalha elas dum jeito que segura os
ingredientes no meio.","그러면 기계 장치가 그릇을 모아서…
속 재료가 중앙에 오도록 일정하게
흔들어 준답니다.","裝置就會把碗蓋起來……
接著把配料保持在中央，
均勻地搖晃。","这么一来，这个装置就会把碗合起来……
然后摇晃均匀，让内馅位于饭团中央。",,,,,,,,"تصف هذه الأداة الوعاءين بمحاذاة بعضهما، وتقوم
برجهما بطريقة تضمن بقاء
الحشوة في المنتصف.",,,,,,,,,,,
62a3eb05-c3b7-4e37-a6ca-45abcaef8a46,4120520677,会話終了,,,,,,,,,,,,,,,,,,,,,,,,,,,,,,,,,,,,,,,,nid201_base3_004,"でも、コジリはこんなからくりがなくても
もっともっとおいしいおにぎりをすぐに
作っちゃうんですよね。不思議だなあ。","Still, Kojiri's rice balls taste so much
better... How does he do it!?","Les boules de riz de Kojiri restent
carrément meilleures... Comment il fait ?","Però gli onigiri di Kojiri sono più buoni.
Come fa?!","Aber Kojiris Onigiri schmecken einfach
viel besser... Wie macht er das nur?!","Aun así, los onigiri de Kojiri saben
muchísimo mejor... ¡¿Cómo lo hace?!","И все равно рисовые колобки Кодзири
намного вкуснее... Как он это делает?!","Mimo to onigiri Kojiriego smakują
dużo lepiej... Jak on to robi?!",,,"Só que os bolinhos do Kojiri são muito
mais gostosos... qual é o segredo?","하지만 코지리는 이런 장치 없이도
훨씬 맛있는 주먹밥을 눈 깜짝할 새에
만든단 말이죠. 참 신기해요.","不過鞘尾即使不靠這種裝置
也能快速地做出比這更好吃的飯糰。
真是不可思議啊。","但是鞘尾没有这个装置也能飞快地做出
更好吃更好吃的饭团，真是不可思议。",,,,,,,,"لكن كرات الأرز التي يصنعها كوجيري تظل
أفضل... كيف يصنعها؟",,,,,,,,,,,
b6a2b3dd-404e-4dd6-a66e-09ad02b44d5b,1250898320,,(default)世間話,,,,この会話フラグがONなら→,EV_PRO_MR_004_01_01,,この会話フラグがOFFなら→,EV_PRO_MR_005_01_01,,,,,,,,,,,,,,,,,,,,,,,,,,,,,,,nid201_base4_000,"最近、王域生物から採れる素材を
扱う機会が増えてきたんですけど、
いや～、おもしろいですね。","So I've been working with some materials
harvested from Kingdom monsters, and,
MAN, this stuff is neat!","Je travaille sur les matériaux pris
sur les monstres du Royaume,
et c'est trop super !","Ho lavorato con alcuni materiali
raccolti dai mostri del regno e
ACCIDENTI, che roba!","Also arbeitete ich mit einigen Rohstoffen,
die ich von Monstern aus dem Königreich
hatte – und MANN, es ist toll!","Mira, he estado trabajando con unos
materiales sacados de monstruos del
reino, ¡y no veas lo que molan!","Я тут поработал с материалами, собран-
ными с монстров Королевства, и, черт
возьми, я потрясен!","Pracowałem ostatnio z materiałami
pozyskanymi z potworów Królestwa,
CZŁOWIEKU, robią wrażenie!",,,"Então, eu tava trabalhando com uns
materiais dos monstros do Reino, e,
rapaz, que coisas bacanas!","요즘 왕역생물에게서 얻을 수
있는 소재를 다루는 일이
많아졌는데 정말 재밌네요.","最近利用王域生物的素材的機會變多了。
哎呀～真的是很有趣呢。","最近有更多机会用到从王域生物身上
取得的素材了，哎呀～真有意思。",,,,,,,,"لقد كنت أعمل بالمواد نفسها
المستوردة من مملكة الوحوش،
ويا إلهي، إنها رائعة!",,,,,,,,,,,
5f8f1648-2a70-44f6-a8f1-c86446a0d6e1,1495403933,,,,,,,,,,,,,,,,,,,,,,,,,,,,,,,,,,,,,,,,,nid201_base4_001,"今までの素材にはない特徴ばかりで…
これなら、あんな加工やこんな加工も
できそうだなって、ワクワクします。","I've never seen anything like it. Just
thinking about the possibilities of what
I can do with this stuff gets me pumped!","Jamais rien vu de pareil. Je suis
tout excité rien que de penser à
ce que je vais en faire !","Non ho mai visto niente del genere.
Pensare a quante cose posso farci
mi elettrizza.","So etwas hab ich noch nie gesehen. Schon
bei dem Gedanken daran, was ich damit
alles tun kann, steigt mein Adrenalin!","Nunca había visto nada igual.
¡Solo de pensar en las posibilidades
que ofrecen, me pongo a cien!","Ничего подобного я раньше не видел.
Одна мысль о новых возможностях
приводит меня в восторг!","Nigdy czegoś takiego nie widziałem.
Ekscytuję się na samą myśl o tym,
co mogę z nimi zrobić!",,,"Nunca vi nada igual. Só de pensar nas
possibilidades do que eu posso fazer com
elas me deixa animado!","지금까지 다뤘던 소재와는 전혀 다른
특징이 많더라고요. 다양한 가공을
할 수 있게 돼서 가슴이 설레요.","這些素材具備了許多以往的素材
所沒有的特性……這樣一來似乎就能進行
各式各樣的加工了，真是令人興奮啊。","全都是以前的素材里没有的特性……
这样应该可以尝试各种各样的加工了，
真让我兴奋。",,,,,,,,"لم أرَ لها مثيلًا من قبل. مجرد
التفكير في كل الأشياء
التي يمكنني القيام بها بهذه المواد يجعلني متحمسًا!",,,,,,,,,,,
1445c850-fbc3-48c2-bdcd-64af9c3e49d4,1492989959,会話終了,,,,,,,,,,,,,,,,,,,,,,,,,,,,,,,,,,,,,,,,nid201_base4_002,"<PL>さんのおかげで
僕たちの仕事の幅も広がりますよ。
ありがとうございます。","We'll be able to offer more options going
forward, and it's all thanks to you. We're
grateful to you, truly.","On pourra bientôt proposer plus de choix,
et tout ça grâce à toi. Merci infiniment.","In futuro potremo offrire più opzioni
ed è tutto merito tuo, <PL>.
Te ne siamo davvero grati.","Wir werden künftig mehr Optionen anbieten
können, und das alles nur dank dir.
Dafür sind wir wirklich dankbar!","A partir de ahora, podremos ampliar
nuestra oferta, y todo gracias a ti.
Muchísimas gracias.","Мы сможем предложить больше вариантов
в будущем, и все благодаря тебе,
<PL>. Мы очень благодарны.","Będziemy mogli rozszerzyć naszą ofertę,
a wszystko to dzięki tobie, <PL>.
Jesteśmy naprawdę wdzięczni.",,,"Vamos oferecer muito mais opções de agora
em diante, e é tudo graças a você.
Estamos muito gratos, de verdade.","<PL> 씨 덕분에
가공의 폭이 넓어졌어요.
고맙습니다.","<PL>，多虧有你，
我們的工作範圍也變廣了，
真是感謝你。","<PL>，多亏了你，
我们的工作范围变得更广了，十分感谢。",,,,,,,,"سنتمكن من تقديم المزيد من الخيارات
في المستقبل <LSNR {بفضلك} {بفضلكِ}>.
إننا في غاية الامتنان <LSNR {لك} {لكِ}>.",,,,,,,,,,,
24af1228-9f16-4ef7-8555-0d08c8d8e713,2100323506,,(default)世間話,,,,この会話フラグがONなら→,EV_PRO_MR_005_01_01,,この会話フラグがOFFなら→,EV_PRO_MR_006_01_01,,,,,,,,,,,,,,,,,,,,,,,,,,,,,,,nid201_base5_000,"いやー、掃除も奥が深いですねぇ。
床拭きひとつとっても、
適した方法があるんですから。","Since Kojiri won't let me sharpen the knives
anymore, I spend my free time cleaning and
polishing the floors here in the Prep Area.","Comme Kojiri ne me laisse plus
aiguiser les couteaux, je nettoie
et fais briller les sols du Bivouac.","Kojiri non mi fa più affilare i suoi
coltelli, quindi passo il tempo a pulire
i pavimenti nell'area preparativi.","Seit Kojiri mich die Messer nicht mehr
schärfen lässt, verbringe ich meine Zeit
mit dem Reinigen und Polieren der Böden.","Como Kojiri ya no me deja afilar los cuchillos,
me dedico a limpiar el suelo de la zona
de entrenamiento.","Поскольку Кодзири больше не дает мне
затачивать ножи, свободное время я
провожу в Зоне подготовки, полы намываю.","Odkąd Kojiri nie pozwala mi już ostrzyć
noży, wolny czas spędzam na myciu i
polerowaniu podłóg w Strefie Przygotowań.",,,"Já que o Kojiri não me deixa mais afiar
as facas, passo meu tempo livre varrendo
e polindo o piso aqui na área.","청소도 참 심오한 분야네요.
바닥 하나를 닦는 데도
그에 맞는 방법이 있더군요.","哎呀～打掃也是門深奧的學問呢。
光以擦地板來說，就有最適合的方法。","哎呀，打扫真是奥妙无穷啊。
即便只是擦地板，也要找对办法。",,,,,,,,"وبما أن كوجيري لن يسمح لي بصقل السكاكين
أكثر من ذلك، أقضي معظم وقت فراغي في
تلميع أرضيات منطقة الاستعداد.",,,,,,,,,,,
49d0bb4c-807e-40fd-b43b-71fd2dd75275,1173045516,,,,,,,,,,,,,,,,,,,,,,,,,,,,,,,,,,,,,,,,,nid201_base5_001,"武具と同じで、素材によって適した扱いが
あるんですよね。うちの床は木なので、
武具用の木材と思って扱えばいいわけです。","Like gear, the way to clean them differs
by material. I treat the wooden floors
here like I would equipment lumber.","Le nettoyage dépend du matériau.
Je traite le parquet ici comme
l'équipement en bois.","Ogni materiale viene pulito in modo diverso.
Tratto i pavimenti di legno come il legno
degli equipaggiamenti.","Wie bei der Ausrüstung variiert die
Reinigungsmethode je nach Material.
Die Holzböden sind wie Ausrüstungsholz.","Y el proceso depende de cada material.
Trato igual toda la madera, tanto si son
suelos como equipamiento.","Как и со снаряжением, способ чистки пола
зависит от материала. С деревянными
полами я работаю как с древесиной.","Tak jak ze sprzętem, sposób czyszczenia
zależy od materiału. Drewniane podłogi
czyszczę jak drewniany ekwipunek.",,,"Como equipamento, o jeito de limpar o
piso varia com o material. Trato o chão
de madeira como lenha de equipamento.","장비와 마찬가지로 소재에 맞는 방법으로
다뤄야 하더군요. 우리 집은 목제 바닥이니
목제 장비처럼 다루면 되고요.","和武具一樣，不同素材的地板也需要靠
不同方法處理。像我家是木質地板，
只要當成武具用的木材來處理就好了。","就跟武具一样，要根据素材选择合适的
处理方法。我家是木地板，所以把地板
当成用在武具上的木材来处理就行了。",,,,,,,,"الأرضيات مثلها مثل معدَّات القتال، تختلف طريقة تنظيفها حسب
خامتها. فأنا أعامل الأرضيات الخشبية هنا
كما أعامل المعدَّات الخشبية.",,,,,,,,,,,
b0b0adb2-42d4-4e5a-9a53-e59606dfcf33,3109456402,,,,,,,,,,,,,,,,,,,,,,,,,,,,,,,,,,,,,,,,,nid201_base5_002,"それでつい嬉しくなって
調子に乗って床を磨きすぎてしまって。
ツルツル滑る床になってしまいました。","But I think I overdid it a little. I buffed
the floors so much that you can slide on
'em. Try to, uh, watch your step, OK?","Mais j'ai dû exagérer. Le parquet est
tellement glissant maintenant. Essaie de,
aïe, marcher doucement, ça va ?","Forse ho esagerato. Li ho lucidati così
tanto che ora si scivola. Fa' attenzione
a dove metti i piedi, OK?","Aber ich habe es wohl etwas übertrieben.
Ich habe die Böden so stark poliert,
dass man darauf rutscht. Pass auf, okay?","Pero creo que me he pasado. Le he dado
tanta cera al suelo que ahora resbala.
Procura, esto... mirar dónde pisas, ¿vale?","Но мне кажется, что я немного переста-
рался. Я их так наполировал, что теперь
на них можно кататься. Осторожно, ладно?","Ale chyba trochę przesadziłem. Tak
wypolerowałem podłogi, że można się po
nich ślizgać. Więc uważaj, jak chodzisz.",,,"Só que eu acho que exagerei um pouco.
Encerei tanto o piso que dá pra
escorregar nele. Cuidado onde pisa, tá?","이걸 알게 돼서 기쁜 나머지
바닥을 너무 열심히 닦고 말았어요.
미끌미끌해져 버렸지 뭐예요.","結果我越擦越開心，
一不小心太起勁，
就把地板擦得太亮，變得滑溜溜的了。","于是我就兴奋起来了，得意忘形，把地板
给擦过头了，地板变得滑溜溜的。",,,,,,,,"لكن أظن أنني بالغت بعض الشيء. فقد قمت بتلميع
الأرضيات أكثر من للازم لدرجة <LSNR {أنك} {أنكِ}> قد <LSNR {تنزلق} {تنزلقين}>
عليها. <LSNR {انتبه لخطواتك} {انتبهي لخطواتكِ}>، حسنًا؟",,,,,,,,,,,
87d4d0a6-6bda-46c5-be97-5ed9204ecac5,1657764827,会話終了,,,,,,,,,,,,,,,,,,,,,,,,,,,,,,,,,,,,,,,,nid201_base5_003,"コジリが転んでしまうと危ないので
今日はじゅうたんを買って帰りますね。
どうせだから、フカフカのにしよう。","I don't want Kojiri to slip and get hurt, so
I was thinking about buying some rugs.
I heard Tsuriki's Pops has some for sale.","Kojiri ne doit pas glisser et se faire mal,
donc je pensais acheter des tapis.
Le vieux de Tsuriki en vend, je crois.","Non voglio che Kojiri scivoli e si faccia
male, per questo ho pensato di comprare
dei tappeti. Li vende il padre di Tsuriki.","Ich möchte nicht, dass Kojiri ausrutscht
und sich verletzt, also kaufe ich Teppiche.
Tsurikis Vater soll welche haben.","No quiero que Kojiri se resbale y se dé
un coscorrón, así que voy a comprar unas
alfombras. El padre de Tsukiri tiene.","Я боюсь, что Кодзири поскользнется и
ударится, так что я подумываю о покупке
ковров. Я слышал, батя Цурики их продает.","Nie chcę, żeby Kojiri poślizgnął się
i upadł. Powinienem kupić dywaniki. Podobno
tatko Tsuriki ma jakieś na sprzedaż.",,,"Não quero que o Kojiri escorregue e se
machuque, então queria comprar tapetes.
O pai do Tsuriki deve ter pra vender.","코지리가 넘어지면 안 되니까
오늘은 집에 가는 길에 융단을 사려고요.
이왕 사는 거 푹신푹신한 걸로 해야겠어요.","要是害鞘尾滑倒就危險了，
今天還是買條地毯回去鋪吧。
既然要買，乾脆就買軟綿綿的款式好了。","要是鞘尾摔着就惨了，我今天要买地毯回去。
反正都要买，我要买软绵绵的那种。",,,,,,,,"لا أريد أن ينزلق كوجيري ويتأذى، لذا
فكرت في شراء بعض البُسط.
سمعت أن تسوريكيز بوبس يبيع بعضها.",,,,,,,,,,,
4059825e-70fa-4a07-a3ef-d42b7358d5e4,3361761543,,(default)世間話,,,,この会話フラグがONなら→,EV_PRO_MR_006_01_01,,,,,,,,,,,,,,,,,,,,,,,,,,,,,,,,,,nid201_base6_000,"<PL>さん、おかえりなさい。
そうそう、また王域生物の狩りに
成功されたんですよね？","Hey, <PL>! Welcome back!
You've really been kicking some Astalos
over there in the Kingdom, huh?","Hé, <PL> ! Salut !
Tu as dérouillé un paquet d'Astalos
dans le Royaume, hein ?","Ehi, <PL>! Che bello vederti!
Hai preso a calci in coda alcuni mostri
nel regno, eh?","Hey, <PL>! Willkommen zurück!
Dann vermöbelst du da drüben im
Königreich also wirklich Astalos?","¡<PL>! ¡Hola de nuevo!
Últimamente les estás dando caña
a los Astalos allí, en el reino, ¿no?","Привет, <PL>! С возвращением!
Да ты там жару задаешь в Королевстве,
да?","Hej, <PL>! Witaj ponownie!
Serio <LSNR {dałeś} {dałaś}> popalić tym Astalosom
w Królestwie, co?",,,"Ei, <PL>! Bom te ver!
Você tá surrando os Astalos
lá no Reino, hein?","<PL> 씨, 어서 오세요.
맞다, 이번에도 왕역생물 사냥에
성공하셨죠?","<PL>，歡迎回來。
對了，你這次又成功狩獵了
王域生物對吧？","<PL>，欢迎回来。
对了对了，你又成功狩猎到王域生物了吧？",,,,,,,,"أهلًا، <PL>! مرحبًا <LSNR {بعودتك} {بعودتكِ}>!
يبدو <LSNR {أنك} {أنكِ}> <LSNR {كنت تقضي} {كنتِ تقضين}> على بعض الأستالوس
في المملكة فعلًا، صحيح؟",,,,,,,,,,,
ec34d4ad-3eda-488a-8672-83d4107c934d,3450071196,,,,,,,,,,,,,,,,,,,,,,,,,,,,,,,,,,,,,,,,,nid201_base6_001,"知ってますよ～。
だってその王域生物の素材を
見ましたから。","I could tell because of all the new
materials from Kingdom monsters
coming into the village.","Je le sais parce qu'il y a plein
de nouveaux matériaux de
monstres du Royaume au village.","Lo so per via di tutti i nuovi materiali
dei mostri del regno che arrivano
al villaggio.","Ich weiß das wegen all der neuen
Materialien der Monster aus dem
Königreich, die ins Dorf gelangen.","Se nota por la cantidad de materiales
nuevos de monstruos del reino que llegan
aquí, a la aldea.","Я сужу по новым материалам из монстров
Королевства, которые поступают в
деревню.","Zorientowałem się, oglądając nowe
materiały z potworów Królestwa,
które docierają do wioski.",,,"Eu sei por causa de todos os materiais
de monstro do Reino que tão chegando
na aldeia.","당연히 알죠~
그 왕역생물 소재를 봤거든요.","我都知道喔～
因為我看到那隻王域生物的素材了。","我当然知道的啦～
因为我看到那只王域生物的素材了。",,,,,,,,"عرفت ذلك من كل المواد
الجديدة التي جاءت
إلى القرية من أرض الوحوش.",,,,,,,,,,,
5614e431-50de-432c-9d13-c9a657be18e4,3897224643,,,,,,,,,,,,,,,,,,,,,,,,,,,,,,,,,,,,,,,,,nid201_base6_002,"あれも、変わった素材ですよね～。
いろんな加工ができそうで、
とっても楽しみです。","I've been finding a lot of interesting stuff.
Really gets my creative juices flowing just
thinking about what I can do with it.","J'ai trouvé plein de trucs intéressants.
Je sens l'énergie créatrice monter
en moi !","Ho trovato un sacco di cose interessanti.
Pensare a cosa potrei farci mi attiva
la mente.","Dabei finde ich viele interessante Dinge.
Schon der Gedanke daran, was ich alles
damit tun kann, lässt mein Blut wallen.","Hay cosas muy interesantes.
Solo pensar en todo lo que puedo hacer
me estimula la creatividad que no veas.","Я обнаруживаю интересные вещи. Меня
охватывают творческие порывы от одних
мыслей о том, что я могу сделать.","Znajduję dużo ciekawych rzeczy.
Moja kreatywność rozkwita na samą myśl
o tym, co mogę z nimi zrobić.",,,"Estou achando muitas coisas legais.
A minha criatividade flui só de pensar
no que posso fazer com elas.","그것도 참 독특한 소재더라고요.
다양한 가공을 할 수 있을 것 같아서
굉장히 기대되네요.","那也是個奇妙的素材呢～
似乎可以用來進行各式各樣的加工，
令人非常期待。","那素材也挺奇特呢～能加工的方法很多，
我很期待啊。",,,,,,,,"لقد وجدت الكثير من الأشياء المثيرة.
بدأت الأفكار المبتكرة تخطر على بالي بمجرد
التفكير في كل الأشياء التي أستطيع فعلها بها.",,,,,,,,,,,
f3cd19d7-5e67-4765-a9a6-eec8f84d6e2d,1186181696,会話終了,,,,,,,,,,,,,,,,,,,,,,,,,,,,,,,,,,,,,,,,nid201_base6_003,"よければまた、ここにも
新しい素材を持ってきてくださいね。","If you have anything you want made your
materials, just let me know! I'm down
to get forging!","Si tu veux fabriquer un truc à partir
de tes matériaux, fais-moi signe !
J'adore forger !","Se vuoi creare qualcosa con quei materiali,
fammi sapere. Non vedo l'ora di forgiare!","Wenn du etwas hast, das aus deinen
Materialien gemacht werden soll, sag
es mir! Ich kann jederzeit schmieden!","Si quieres que te haga algo con tus
materiales, ¡avísame! ¡A mí no hay que
insistirme para que me ponga a forjar!","Если хочешь сделать что-нибудь из своих
материалов, только скажи! Я готов
взяться за ковку!","Jeśli chcesz, żebym coś dla ciebie zrobił
z tych materiałów, daj znać!
Właśnie zabieram się za wykuwanie!",,,"Se você quiser que eu faça alguma
coisa específica com seus materiais, eu
tô louco pra começar a forjar!","괜찮으시다면 여기로도
새로운 소재를 가져와 주세요!","如果方便的話，
請你今後也多帶新的素材過來吧。",方便的话，你也带点新素材到这里来吧。,,,,,,,,"إذا <LSNR {كنت} {كنتِ}> <LSNR {تريد} {تريدين}> صنع أي شيء من الخامات
الموجودة <LSNR {لديك} {لديكِ}>، فما <LSNR {عليك} {عليكِ}> سوى إخباري! أنا مستعد
لطرق بعض الحديد!",,,,,,,,,,,
59e446fa-fd5f-48bf-8f77-eda45f3fd2be,3432085885,,(default)世間話,,,,この会話フラグがONなら→,EV_PRO_MR_TU5EX_01_01,,この会話フラグがOFFなら→,EV_PRO_MR_TU5EX_01_03,,,,,,,,,,,,,,,,,,,,,,,,,,,,,,,nid201_chtu5_01_001,,,,,,,,,,,,,,,,,,,,,,,,,,,,,,,,,
5f1dcac9-51ce-4581-9caf-f90ca46fee27,1886542309,,,,,,,,,,,,,,,,,,,,,,,,,,,,,,,,,,,,,,,,,nid201_chtu5_01_002,,,,,,,,,,,,,,,,,,,,,,,,,,,,,,,,,
be3ee904-78eb-42f4-bd1c-a858eab522aa,3650942058,会話終了,,,,,,,,,,,,,,,,,,,,,,,,,,,,,,,,,,,,,,,,nid201_chtu5_01_003,,,,,,,,,,,,,,,,,,,,,,,,,,,,,,,,,
73558ec5-56bb-4306-b7b5-fe2cda75a0b7,2982336471,,(default)世間話,,,,この会話フラグがONなら→,EV_PRO_MR_TU5EX_01_03,,,,,,,,,,,,,,,,,,,,,,,,,,,,,,,,,,nid201_chtu5_02_001,,,,,,,,,,,,,,,,,,,,,,,,,,,,,,,,,
91d29cf8-9975-41c1-bf87-a09d68b2ed0b,4014923293,,,,,,,,,,,,,,,,,,,,,,,,,,,,,,,,,,,,,,,,,nid201_chtu5_02_002,,,,,,,,,,,,,,,,,,,,,,,,,,,,,,,,,
fd45d4a3-0d9e-481d-81f9-fa93d182b766,576605287,会話終了,,,,,,,,,,,,,,,,,,,,,,,,,,,,,,,,,,,,,,,,nid201_chtu5_02_003,,,,,,,,,,,,,,,,,,,,,,,,,,,,,,,,,
7c093c93-c257-45d5-9589-fb5e617eeba9,1565935469,会話終了,会話フキダシ(赤),,,,この会話フラグがOFFなら→,FA_SMITHY_nid201_MR_01,,この会話フラグがOFFなら→,FA_SMITHY_nid005_MR_01,,この会話フラグがOFFなら→,FA_SMITHY_nid602_MR_14,,,,,,,,,,,,,,,,,,,,,,,,,,,,nid201_FaOpen_11_fukidashi,,,,,,,,,,,,,,,,,,,,,,,,,,,,,,,,,
82c3b566-b299-419e-a119-8d393a4c0603,1093604071,,重要会話(非進行),,,,この会話フラグがOFFなら→,FA_SMITHY_nid201_MR_01,,この会話フラグがOFFなら→,FA_SMITHY_nid005_MR_01,,この会話フラグがOFFなら→,FA_SMITHY_nid602_MR_14,,,,,,,,,,,,,,,,,,,,会話フラグを「ON」→,FA_SMITHY_nid602_MR_14,,,,,,,nid201_FaOpen_11_00,,,,,,,,,,,,,,,,,,,,,,,,,,,,,,,,,
fff53d07-ef59-42f3-a002-c07d97ebb7ca,2565391260,,,,,,,,,,,,,,,,,,,,,,,,,,,,,,,,,会話フラグを「ON」→,FA_SMITHY_nid201_MR_01,,,,,,,nid201_FaOpen_11_01,,,,,,,,,,,,,,,,,,,,,,,,,,,,,,,,,
d1691781-32de-4a1e-9466-c6a34812609f,2683489004,,,,,,,,,,,,,,,,,,,,,,,,,,,,,,,,,,,,,,,,,nid201_FaOpen_11_02,,,,,,,,,,,,,,,,,,,,,,,,,,,,,,,,,
62b5938e-0c9c-430f-a4e3-c59f59f0d5b3,313521805,会話終了,,,,,,,,,,,,,,,,,,,,,,,,,,,,,,,,,,,,,,,,nid201_FaOpen_11_03,,,,,,,,,,,,,,,,,,,,,,,,,,,,,,,,,
