guid,crc?,<PageAttr>,<TalkAttr>,<VillageProgress>,<HallProgress>,<HunterRank>,<TalkTag>,<TalkTagParam>,<TalkTagComment>,<TalkTag>,<TalkTagParam>,<TalkTagComment>,<TalkTag>,<TalkTagParam>,<TalkTagComment>,<TalkTag>,<TalkTagParam>,<TalkTagComment>,<TalkTag>,<TalkTagParam>,<TalkTagComment>,<TalkTag>,<TalkTagParam>,<TalkTagComment>,<TalkTag>,<TalkTagParam>,<TalkTagComment>,<TalkTag>,<TalkTagParam>,<TalkTagComment>,<TalkTag>,<TalkTagParam>,<TalkTagComment>,<TalkAction1>,<TalkAction1Param>,<TalkAction1Comment>,<TalkAction2>,<TalkAction2Param>,<TalkAction2Param2>,<TalkAction2Comment>,entry name,Japanese,English,French,Italian,German,Spanish,Russian,Polish,Dutch,Portuguese,PortugueseBr,Korean,TraditionalChinese,SimplifiedChinese,Finnish,Swedish,Danish,Norwegian,Czech,Hungarian,Slovak,Arabic,Turkish,Bulgarian,Greek,Romanian,Thai,Ukrainian,Vietnamese,Indonesian,Fiction,Hindi,LatinAmericanSpanish
908a7c57-44bc-4daf-9f0a-3c1647c02e1f,994751475,ページ属性,会話属性,村進行度,集会所進行度,必要ハンターランク,会話タグ1,会話タグ1パラメータ,会話タグ1コメント,会話タグ2,会話タグ2パラメータ,会話タグ2コメント,会話タグ3,会話タグ3パラメータ,会話タグ3コメント,会話タグ4,会話タグ4パラメータ,会話タグ4コメント,会話タグ5,会話タグ5パラメータ,会話タグ5コメント,会話タグ6,会話タグ6パラメータ,会話タグ6コメント,会話タグ7,会話タグ7パラメータ,会話タグ7コメント,会話タグ8,会話タグ8パラメータ,会話タグ8コメント,会話タグ9,会話タグ9パラメータ,会話タグ9コメント,会話アクション1,会話アクション1パラメータ,会話アクション1コメント,会話アクション2,会話アクション2パラメータ,会話アクション2パラメータ2,会話アクション2コメント,nid306,<COLOR FF0000>#Rejected#</COLOR> nid306,<COLOR FF0000>#Rejected#</COLOR> nid306,<COLOR FF0000>#Rejected#</COLOR> nid306,<COLOR FF0000>#Rejected#</COLOR> nid306,<COLOR FF0000>#Rejected#</COLOR> nid306,<COLOR FF0000>#Rejected#</COLOR> nid306,<COLOR FF0000>#Rejected#</COLOR> nid306,<COLOR FF0000>#Rejected#</COLOR> nid306,<COLOR FF0000>#Rejected#</COLOR> nid306,<COLOR FF0000>#Rejected#</COLOR> nid306,<COLOR FF0000>#Rejected#</COLOR> nid306,<COLOR FF0000>#Rejected#</COLOR> nid306,<COLOR FF0000>#Rejected#</COLOR> nid306,<COLOR FF0000>#Rejected#</COLOR> nid306,<COLOR FF0000>#Rejected#</COLOR> nid306,<COLOR FF0000>#Rejected#</COLOR> nid306,<COLOR FF0000>#Rejected#</COLOR> nid306,<COLOR FF0000>#Rejected#</COLOR> nid306,<COLOR FF0000>#Rejected#</COLOR> nid306,<COLOR FF0000>#Rejected#</COLOR> nid306,<COLOR FF0000>#Rejected#</COLOR> nid306,<COLOR FF0000>#Rejected#</COLOR> nid306,<COLOR FF0000>#Rejected#</COLOR> nid306,<COLOR FF0000>#Rejected#</COLOR> nid306,<COLOR FF0000>#Rejected#</COLOR> nid306,<COLOR FF0000>#Rejected#</COLOR> nid306,<COLOR FF0000>#Rejected#</COLOR> nid306,<COLOR FF0000>#Rejected#</COLOR> nid306,<COLOR FF0000>#Rejected#</COLOR> nid306,<COLOR FF0000>#Rejected#</COLOR> nid306,<COLOR FF0000>#Rejected#</COLOR> nid306,<COLOR FF0000>#Rejected#</COLOR> nid306,<COLOR FF0000>#Rejected#</COLOR> nid306
2a729604-a446-43af-be22-7053d969c224,2028168303,,(default)世間話,村進行チュートリアル,,,このクエストが未クリアなら→,QN030101,,この会話フラグがONなら→,EV_PRO_VILL_001_01_06,,,,,,,,,,,,,,,,,,,,,,,,,,,,,,nid306_v0_000,オトモ広場へようこそだニャ。,Greetings and Sal-mew-tations!,Bienvenue et chalutations !,"Miao, ben <LSNR {trrrovato} {trrrovata}>!",Grüße und miaun miaun!,"¡Hola, <PL>!",Приветствую! Добро пожаловать!,"Witam, moje miau-szanowanie!",,,Saudações!,동반자 광장에 온 걸 환영한다냥.,歡迎來到隨從廣場喵。,欢迎来到随从广场喵。,,,,,,,,تهانينا وتحياتنا!,,,,,,,,,,,
f10371c8-1cf6-41f1-8ca6-197d342db3cd,3996877904,会話終了,,,,,,,,,,,,,,,,,,,,,,,,,,,,,,,,,,,,,,,nid306_v0_001,"ささ、<PL>さん！
存分にオトモ広場を
満喫していくといいニャ。","I hope you enjoy your time here and if you
need anything—I mean ANYTHING, just let
me know and I'll see what I can do!","J'espère que tu apprécieras de passer du
temps ici, et si tu as besoin de quoi
que ce soit, viens me voir !","Spero che ti troverai bene qui. Per qualsiasi
cosa, letteralmente qualsiasi, vieni da me
e vedrò se posso aiutarti!","Hoffentlich gefällt es dir hier, und falls du
irgendwas brauchst – EGAL, was –, sag mir
Bescheid, dann lass ich mir was einfallen!","Espero que te lo pases muy bien.
Si necesitas cualquier cosa, lo que sea,
dímelo y veré qué puedo hacer.","Надеюсь, тебе здесь понравится.
Если что-то нужно, обращайся,
я посмотрю, что можно сделать!","Nie krępuj się! Gdybyś <LSNR {potrzebował} {potrzebowała}>
czegokolwiek – CZEGOKOLWIEK – daj mi
znać. Zobaczę, co będę mógł zrobić.",,,"Espero que goste da visita e se precisar
de qualquer coisa, qualquer MESMO,
é só me falar e vou tentar providenciar!","자, <PL> 씨!
동반자 광장을
만끽해라냥!","來吧來吧，<PL>！
盡情地享受隨從廣場的樂趣吧喵。","来来，<PL>！
在随从广场
玩个过瘾喵。",,,,,,,,"أتمنى <LSNR {لك} {لكِ}> وقتًا ممتعًا وإذا
<LSNR {أردت} {أردتِ}> أي شيء — وأعني بذلك كل شيء، فكل ما
<LSNR {عليك} {عليكِ}>هو إخباري وسأرى ما يمكنني فعله!",,,,,,,,,,,
6b28efb1-3b06-43c2-937a-1ef71edb58d4,1363905731,,重要会話(フキダシなし),,,,この会話フラグがOFFなら→,NID_306_FIRST,,,,,,,,,,,,,,,,,,,,,,,,,,会話フラグを「ON」→,NID_306_FIRST,,ハンターの心得を開く,,301,,nid306_v0_002,"<NOFAC><CAM:0>オトモ広場へようこそだニャ。
ボクがオトモ広場の管理人、シルベだニャ。
よろしくニャ。","<NOFAC><CAM:0>Greetings and Sal-mew-tations!
I'm Shirubei and I run the Buddy
Plaza here! Welcome!","<NOFAC><CAM:0>Bienvenue et chalutations ! Miaou,
je suis Shirubei et je gère la Place Pilpoil !","<NOFAC><CAM:0>Miao, ben <LSNR {trovato} {trovata}>! Io sono Shirubei,
gestisco la Piazza compagni. <LSNR {Benvenuto} {Benvenuta}>!","<NOFAC><CAM:0>Grüße und Miau! Ich bin Shirubei und leite
hier die Buddy-Plaza! Herzlich willkommen!","<NOFAC><CAM:0>¡Hola, <PL>!
Soy Shirubei y estoy a cargo de la plaza
Camarada. ¡<LSNR {Bienvenido} {Bienvenida}>!","<NOFAC><CAM:0>Приветствую тебя!
Я Сирубэй, заведую Площадью спутников!
Добро пожаловать!","<NOFAC><CAM:0>Witaj! Miau-zywam się
Shirubei i jestem szefem
na Placu Kompanów.",,,"<NOFAC><CAM:0>Saudações e boas-vindas!
Sou Shirubei e comando a
Praça dos Amigos!","<NOFAC><CAM:0>동반자 광장에 온 걸 환영한다냥.
나는 동반자 광장의 관리인인 시루베다냥.
잘 부탁한다냥.","<NOFAC><CAM:0>歡迎來到隨從廣場喵。
我是隨從廣場的管理員阿標喵。
請多指教喵。","<NOFAC><CAM:0>欢迎来随从广场喵。
我就是随从广场的管理人道标喵。
请多关照喵。",,,,,,,,"<NOFAC><CAM:0>تهانينا وتحياتنا!
اسمي شيروبي وأدير
ساحة الأصدقاء هنا! مرحبًا!",,,,,,,,,,,
a50519bc-c3ec-45f5-b217-c9c1576226d3,1768734872,,,,,,,,,,,,,,,,,,,,,,,,,,,,,,,,,,,,,,,,nid306_v0_003,"ハンターになった<PL>さんに、
あらためてオトモ広場を紹介するニャ！","Meow that you're a bona fide
hunter, allow me to welcome
you to the Buddy Plaza!","Maintenant que tu as rejoint les
chasseurs, tu es <LSNR {le bienvenu} {la bienvenue}>
à la Place Pilpoil !","Ora che sei <LSNR {un vero cacciatore} {una vera cacciatrice}>, permettimi
di accoglierti in Piazza compagni!","Da du jetzt <LSNR {ein katzechter Jäger} {eine katzechte Jägerin}> bist,
erlaube mir bitte, dich auf der Buddy-Plaza
willkommen zu heißen!","Ahora que eres <LSNR {todo un cazador} {toda una cazadora}> profesional,
¡permíteme que te dé la bienvenida a la
plaza Camarada!","Теперь, когда ты <LSNR {стал настоящим охотником} {стала настоящей охотницей}>,
позволь поприветствовать тебя на
Площади спутников!","Jest już z ciebie <LSNR {miauwca} {miauwczyni}> jak się
patrzy, to teraz pozwól mi cię
powitać na Placu Kompanów!",,,"Mostre que você é <LSNR {um caçador} {uma caçadora}> de boa-fé,
deixa eu te dar as boas-vindas à Praça
dos Amigos!","헌터가 된 <PL> 씨에게
다시 한번 동반자 광장을 소개하겠다냥!","<PL>，恭喜你成功當上獵人，
讓我再次為你鄭重介紹隨從廣場吧喵！","我来给当上猎人的<PL>
再介绍一次随从广场喵！",,,,,,,,"والآن بما <LSNR {أنك صياد حسن النية} {أنكِ صيادة حسنة النية}>
<LSNR {دعني أُرحب بك} {دعيني أرحب بكِ}>
في ساحة الأصدقاء!",,,,,,,,,,,
7e5b1037-93cb-4b9e-b829-49033ad1cdee,1485492139,,,,,,,,,,,,,,,,,,,,,,,,,,,,,,,,,,,,,,,,nid306_v0_004,"<CAM:1><COLS RED>オトモ雇用窓口のイオリ</COL>くんは、
オトモの紹介をしてくれるニャ。","<CAM:1><COLS RED>Buddy Handler Iori</COL> will give you
the rundown on all things Buddy.","<CAM:1><COLS RED>Iori l'assistant Pilpoil</COL> t'expliquera
tout ce qu'il y a à savoir sur
les Pilpoils.","<CAM:1><COLS RED>Iori l'assistente dei compagni</COL> ti spiegherà
tutto quello che c'è da sapere sui compagni.","<CAM:1><COLS RED>Buddy-Wildexperte Iori</COL> wird dir einen
Überblick über alles verschaffen, was
mit Buddys zu tun hat.","<CAM:1><COLS RED>Iori</COL> te explicará todo lo que hay que saber
sobre los camaradas.","<CAM:1><COLS RED>Дрессировщик Иори</COL> расскажет
тебе обо всем, что касается спутников.","<CAM:1><COLS RED>Opiekun kompanów Iori</COL> streści wszystko,
co istotne w sprawie kompanów.",,,"<CAM:1><COLS RED>O Encarregado de amigos Iori</COL> vai te
passar um resumo de tudo sobre os
Amigos.","<CAM:1><COLS RED>고용창구의 이오리</COL>는
동반자들을 소개해 준다냥.","<CAM:1><COLS RED>擔任隨從雇用窗口的小庵</COL>
會替你介紹隨從喵。","<CAM:1><COLS RED>随从雇用窗口刀脊</COL>
会帮忙介绍随从的喵。",,,,,,,,"<CAM:1><LSNR {سيعطيك} {سيعطيكِ}> <COLS RED>مساعد الأصدقاء إيوري</COL> ملخصًا
حول مستجدات الأمور لكافة الأصدقاء.",,,,,,,,,,,
3a616007-fb3b-46ad-bfcb-b7009403dc9a,3930353893,,,,,,,,,,,,,,,,,,,,,,,,,,,,,,,,,,,,,,,,nid306_v0_005,"オトモを雇用すれば、
一緒に狩りに行けるようになるんだニャ。
ハンター生活の頼もしい味方になるニャ！","If you hire a Buddy, you'll get a trusty
battle companion to aid in all your
hunting endeavors!","Si tu recrutes un Pilpoil, tu pourras
compter sur un fidèle compagnon pour
t'aider au combat et à la chasse !","Se ingaggi un compagno, avrai un partner
di caccia fidato con cui affrontare
qualunque miaossione.","Wenn du einen Buddy anheuerst, gewinnst du
einen treuen Kampfgefährten, der dir bei all
deinen Jagdaufgaben zur Seite steht!","Si contratas un camarada, ¡tendrás un
compañero de batalla leal que te ayudará
en la cacería!","Нанимая спутника, ты получаешь верного
товарища в бою и на охоте!","Jeśli najmiesz kompana, zyskasz
zaufanego towarzysza broni, który pomoże
ci w twoich łowieckich potyczkach.",,,"Se você recrutar um Amigo, receberá um
fiel companheiro de batalha pra ajudar
em todas as suas caçadas!","동반자를 고용하면 같이 사냥을
갈 수도 있다냥. 헌터 생활의 든든한
아군이 되어 주는 거다냥!","只要雇用隨從，
就能和牠們一起進行狩獵喵。
牠們可是獵人生活裡最可靠的夥伴喔喵！","雇了随从，
就可以一起去狩猎了喵。
它会是狩猎生活里的可靠搭档喵！",,,,,,,,"وإذا <LSNR {استأجرت} {استأجرتِ}> أحد الأصدقاء،
<LSNR {فستحصل} {فستحصلين}> على رفيق قتال للمساعدة في كل
مغامرات الصيد <LSNR {لديك} {لديكِ}>!",,,,,,,,,,,
1adf3dde-a292-4fd9-8ee0-74ec3625aa87,464722091,,,,,,,,,,,,,,,,,,,,,,,,,,,,,,,,,,,,,,,,nid306_v0_006,"<CAM:2><COLS RED>アイルー頭領コガラシ</COL>さんは、
オトモ隠密隊を取り仕切っているニャ。","<CAM:2><COLS RED>Felyne Chief Kogarashi</COL> is top-cat
when it comes to managing
the Meowcenaries.","<CAM:2><COLS RED>Kogarashi le chef Felyne</COL> est à la tête
des Miaourcenaires.","<CAM:2><COLS RED>Kogarashi il capo Felyne</COL> è il miaogliore
nella gestione dei miaorcenari.","<CAM:2><COLS RED>Felyne-Häuptling Kogarashi</COL> ist der absolute
Experte, was die Leitung der Miaunster-Jäger
angeht.","<CAM:2><COLS RED>Kogarashi</COL> es el Felyne al que debes buscar si
necesitas organizar a los miaurcenarios.","<CAM:2><COLS RED>Вождь Коттов Когараси</COL> превосходно
командует Мяуемниками.","<CAM:2><COLS RED>Wódz felinów Kogarashi</COL> jest
kociastyczny, jeśli chodzi o
zarządzanie miaujemnikami.",,,"<CAM:2><COLS RED>Chef felyno Kogarashi</COL>  é o manda-chuva
que gerencia os Miaucenários.","<CAM:2><COLS RED>아이루 수장 코가라시</COL> 씨는
동반자 그림자 부대를 관리하고 있다냥.","<CAM:2><COLS RED>艾路頭領秋風</COL>，
負責掌管隨從隱密隊喵。","<CAM:2><COLS RED>艾露猫首领冬风</COL>
全权管理随从隐秘队喵。",,,,,,,,"<CAM:2><COLS RED>يعد رئيس الفيلاين كوجاراشي</COL> قطًا رفيع المستوى
يختص بإدارة
القطط المرتزقة.",,,,,,,,,,,
b4ede778-c25a-4cde-ab02-9dfeb44fe8f7,1967893441,,,,,,,,,,,,,,,,,,,,,,,,,,,,,,,,,,,,,,,,nid306_v0_007,"オトモ隠密隊は、待機中のオトモがいれば、
<PL>さんが狩りに行ってる間に
素材を集めてくれる頼れるやつらだニャ。","You can count on any Buddies you have
on standby to hunt for materials while
you're hunting monsters.","Tu peux compter sur les Pilpoils
que tu as en réserve pour chercher
des matériaux pendant que tu chasses.","Mentre sei a caccia, puoi affidare la ricerca
di materiali ai compagni in attesa.","Du kannst dich darauf verlassen, dass alle
Buddys, die für dich in Bereitschaft sind,
Materialien sammeln, während du jagst.","Cualquier camarada que tengas a la espera
recogerá materiales mientras tú cazas
monstruos.","Пока ты охотишься на монстров,
Спутники, которые у тебя
в резерве, будут собирать материалы.","Możesz liczyć na swoich kompanów,
którzy chętnie poszukają
materiałów, kiedy ty będziesz polować.",,,"Você pode contar com qualquer Amigo em
espera pra procurar materiais enquanto
você caça monstros.","동반자 그림자 부대는 대기 중인 동반자가
있으면 <PL> 씨가 사냥을
나간 동안 소재를 모아 주는 존재다냥.","如果你有待命中的隨從，
隨從隱密隊就會在你前去狩獵的這段期間
幫你收集素材，是一群可靠的夥伴喔喵。","有随从在待命的话，
在<PL>去狩猎的时候，
可以请随从隐秘队去收集素材喵。",,,,,,,,"<LSNR {يمكنك} {يمكنكِ}> الاعتماد على أي صديق من الأصدقاء المتأهبين
في جمع المستلزمات أثناء
<LSNR {صيدك} {صيدكِ}> للوحوش.",,,,,,,,,,,
a3ded7a1-a9f3-4cd5-b66a-8e45439b9f66,2454287497,,,,,,,,,,,,,,,,,,,,,,,,,,,,,,,,,,,,,,,,nid306_v0_008,"<CAM:4>この船に乗ると<COLS RED>修練場</COL>に行けるニャ。
ハンターになっても初心を忘れず、
たまには特訓してみるのもいいと思うニャ。","<CAM:4>This ferry goes to the <COLS RED>Training Area</COL>—What?
Just because you're a hunter now doesn't
mean you can start slacking on training!","<CAM:4>Ce bateau va à l'<COLS RED>Aire d'entraînement</COL>...
Quoi ? Être <LSNR {chasseur} {chasseuse}> ne veut pas dire
que t'as plus besoin de t'entraîner !","<CAM:4>Questo traghetto porta all'<COLS RED>area di
addestramento</COL>. Cosa? Non vorrai battere la
fiacca solo perché ora sei <LSNR {un cacciatore} {una cacciatrice}>!","<CAM:4>Diese Fähre fährt zum <COLS RED>Trainingsbereich</COL>...
Wie? Deine Ernennung <LSNR {zum Jäger} {zur Jägerin}> heißt
nicht, dass du jetzt bequem werden kannst!","<CAM:4>Este transbordador va a la <COLS RED>zona de
entrenamiento</COL>... ¿Cómo? ¡Ser <LSNR {cazador} {cazadora}> no
te exime de entrenar!","<CAM:4>Этот паром идет в <COLS RED>Тренировочную зону</COL>.
Что? Охотникам тоже надо тренироваться!","<CAM:4>To prom do <COLS RED>obszaru treningowego</COL>... Co?
To, że jesteś teraz <LSNR {łowcą} {łowczynią}>, nie
znaczy, że możesz odpuszczać trening!",,,"<CAM:4>Essa balsa vai pra <COLS RED>Área de Treinamento</COL>.
O quê? Virar <LSNR {caçador} {caçadora}> não significa que
você pode relaxar no treinamento!","<CAM:4>이 배를 타면 <COLS RED>수련장</COL>에 갈 수 있다냥.
헌터가 되어서도 초심을 잃지 말고
가끔 훈련을 해 보는 것도 좋다냥.","<CAM:4>乘坐這艘船，就可以前往<COLS RED>修練場</COL>了喵，
成為獵人後，也不能忘記自己的初衷，
偶爾去特訓一下也不錯喔喵。","<CAM:4>坐这艘船可以去<COLS RED>修炼场</COL>喵。
当上猎人也不要忘记初心，
偶尔特训一下也不错喵。",,,,,,,,"<CAM:4>يذهب هذا الزورق إلى <COLS RED>منطقة التدريب</COL>، ماذا؟
لا يعني <LSNR {كونك صيادًا} {كونكِ صيادة}> الآن
<LSNR {تخاذلك} {تخاذلكِ}> عن مواصلة التدريب!",,,,,,,,,,,
14e73ea6-ccde-4fba-b40f-7064bf2ebbe6,1860808645,,,,,,,,,,,,,,,,,,,,,,,,,,,,,,,,,,,,,,,,nid306_v0_009,"<CAM:3><COLS RED>交易窓口のロンディーネ</COL>さんは、
里の外から来た交易商人さんだニャ。","<CAM:3>And <COLS RED>Rondine</COL> here is a trader from
outside Kamura.","<CAM:3>Et <COLS RED>Rondine</COL> est une marchande qui vient
d'une contrée lointaine.","<CAM:3>E <COLS RED>Rondine</COL> è una mercante che viene
da fuori Kamura.","<CAM:3>Und <COLS RED>Rondine</COL> hier ist eine Händlerin von
außerhalb Kamuras.",<CAM:3><COLS RED>Rondine</COL> es una mercader de fuera de la aldea.,"<CAM:3><COLS RED>Рондина</COL> — торговка из дальних
земель за пределами Камуры.","<CAM:3>A ta tutaj <COLS RED>Rondine</COL> jest
handlarką spoza Kamury.",,,"<CAM:3>E <COLS RED>Rondine</COL> aqui é uma comerciante de
fora de Kamura.","<CAM:3><COLS RED>교역창구의 론디네</COL> 씨는
다른 지역에서 온 교역상인이다냥.","<CAM:3><COLS RED>交易窗口的隆蒂尼</COL>小姐，
是來自村外的交易商人喵。","<CAM:3><COLS RED>交易窗口罗德娜</COL>
是村外来的交易商喵。",,,,,,,,"<CAM:3><COLS RED>وتعد رونداين</COL> تاجرة من
خارج كامورا.",,,,,,,,,,,
89ea2c2f-035c-4cf8-8c39-d726f2627c27,716100885,,,,,,,,,,,,,,,,,,,,,,,,,,,,,,,,,,,,,,,,nid306_v0_010,"狩りには色々なアイテムが必要ニャ。
里の外と交流のあるロンディーネさんなら、
珍しいものも取り扱ってるかもニャ。","Every good hunter needs a stock of good
items! No matter how obscure, she'll
probably have what you're looking fur.","Les chasseurs ont tous besoin d'un bon
stock d'objets ! Quoi que tu cherches,
elle a sûrement ce qu'il faut !","Ogni buon cacciatore ha bisogno di buone
scorte! E, qualunque stranezza cerchi,
è prrrobabile che lei ce l'abbia.","Jeder gute Jäger braucht einen Vorrat an
guten Objekten! Wie obskur dein Anliegen
auch sein mag, sie hat bestimmt das Richtige!","Toda cacería bien hecha requiere que te
abastezcas. No importa lo raro que sea,
ella probablemente tenga lo que buscas.","Хорошему охотнику нужен хороший
запас предметов! Мне кажется, у нее
можно найти что угодно.","Na każdym polowaniu przydają się zapasy!
Nieważne jak wymyślnych przedmiotów
ci trzeba, pewnie znajdziesz je u niej.",,,"Todo bom caçador precisa de um estoque
de bons itens! Ela vai ter o que você
precisa, por mais obscuro que seja.","사냥에는 다양한 아이템이 필요하다냥.
다른 마을들과 교류하는 론디네 씨라면
희귀한 걸 취급할지도 모른다냥.","狩獵時會用到各式各樣的道具喵。
隆蒂尼小姐常常與村外交流，
也許會販售一些少見的商品吧喵。","狩猎需要各种各样的道具喵。
罗德娜和村外有交流，
或许也会卖稀奇的东西喵。",,,,,,,,"يحتاج كل صياد ماهر إلى مجموعة من المستلزمات
المفيدة! مهما بلغت درجة الغموض،
فسوف تحصل على ما تتطلع إليه.",,,,,,,,,,,
2d332fab-bfb7-45da-a757-8733de8efb87,4062335179,,,,,,,,,,,,,,,,,,,,,,,,,,,,,,,,,,,,,,,,nid306_v0_010_00,"<CAM:5>オトモの管理ができる
<COLS RED>オトモボード</COL>はここにあるニャ。","<CAM:5>You'll find the <COLS RED>Buddy Board</COL> here,
where you can manage your Buddies!","<CAM:5>Ici, tu trouveras le <COLS RED>Tableau Pilpoil</COL>,
où tu peux gérer tes Pilpoils !","<CAM:5>Qui troverai la <COLS RED>bacheca compagni</COL>, dove
potrai gestire i tuoi compagni!","<CAM:5>Hier findest du die <COLS RED>Buddy-Tafel</COL>, auf der du
deine Buddys verwalten kannst!","<CAM:5>Aquí encontrarás el <COLS RED>tablón de camaradas</COL>,
donde puedes gestionar tus camaradas.","<CAM:5>Здесь ты найдешь <COLS RED>Доску спутников</COL>,
на ней можно управлять спутниками.","<CAM:5>Znajdziesz tutaj <COLS RED>tablicę kompanów</COL>.
Możesz dzięki niej zarządzać
swoimi kompanami!",,,"<CAM:5>Você encontrará o <COLS RED>Quadro de Amigos</COL> 
aqui, onde você pode gerenciar
seus Amigos!","<CAM:5>동반자들을 관리할 수 있는
<COLS RED>동반자 게시판</COL>은 여기 있다냥.","<CAM:5>這裡就是能夠管理隨從的
<COLS RED>隨從看板</COL>喵。","<CAM:5>可以管理随从的
<COLS RED>随从看板</COL>在这边喵。",,,,,,,,"<CAM:5><LSNR {ستجد} {ستجدين}> <COLS RED>مجلس الأصدقاء</COL> هنا،
حيث <LSNR {يمكنك} {يمكنكِ}> إدارة <LSNR {أصدقائك} {أصدقائكِ}>!",,,,,,,,,,,
b7c8a68c-16e1-4647-8b09-54213f248574,2684422997,,,,,,,,,,,,,,,,,,,,,,,,,,,,,,,,,,,,,,,,nid306_v0_010_01,"里のあちこちに同じものが置いてあるから、
もう見たことあるかもしれないニャね。","There're more like it all over the village.
Maybe you've already seen one?","Il y en a un peu partout au village.
Tu en as vu ?","Ce ne sono altre in tutto il villaggio.
Forse ne hai già vista una...","Solche wie die findest du überall im Dorf.
Vielleicht hast du ja schon eine gesehen?","Hay más por toda la aldea, así que igual has
visto alguno ya.","Такие доски есть по всей деревне.
Может, ты их уже <LSNR {видел} {видела}>?","Jest ich więcej w wiosce.
<LSNR {Widziałeś} {Widziałaś}> już może?",,,"Haverão mais desses por toda a aldeia.
Talvez já tenha visto um?","마을 여기저기에 똑같은 걸 놔 두었으니
이미 봤을지도 모르겠다냥.","村莊裡許多地方也擺著同樣的看板，
也許你已經有看過了喵。","村里各处都放着同样的东西，
也许你已经见过了喵。",,,,,,,,"هناك المزيد من الأشياء المشابهة في جميع أنحاء
القرية. ربما قد <LSNR {رأيت} {رأيتِ}> أحدهم بالفعل، صحيح؟",,,,,,,,,,,
11f082a4-4c58-4b60-86d0-5c07297592f2,2090149561,,,,,,,,,,,,,,,,,,,,,,,,,,,,,,,,,,,,,,,,nid306_v0_010_02,"イオリくんのところでオトモを雇用したら
のぞいてみるといいのニャ。","If you hire any Buddies from Iori,
you can manage them here.","Si tu recrutes des Pilpoils
auprès de Iori, tu peux les gérer ici.","Se ingaggi dei compagni da Iori,
potrai gestirli qui.","Falls du Buddys von Iori anheuerst, kannst
du sie hier verwalten.","Si contratas algún camarada a través de Iori,
puedes gestionarlo aquí.","Если думаешь нанять спутников у Иори —
здесь ими можно руководить.","Kiedy będziesz <LSNR {chciał} {chciała}> nająć
kompanów od Ioriego, popatrz na nie.",,,"Se você recrutar Amigos com Iori,
poderá gerenciá-los aqui.","이오리한테서 동반자를 고용했다면
한번 확인해 보는 게 좋다냥.","如果你在小庵那邊雇用了隨從，
可以去看板瞧瞧喔喵。","你在刀脊那里雇用了随从的话，
可以去看看喵。",,,,,,,,"إذا <LSNR {استأجرت} {استأجرتِ}> أيًا من الأصدقاء لدى إيوري،
<LSNR {يمكنك} {يمكنكِ}> إدارتهم من هنا.",,,,,,,,,,,
d1496e61-539e-4538-b9ea-5e41ce4dcf7c,2736767982,,,,,,,,,,,,,,,,,,,,,,,,,,,,,,,,,,,,,,,,nid306_v0_011,"<CAM:0>ちなみに、この広場ではオトモたちが
日々特訓を頑張っているのニャ！","<CAM:0>Anyway, every day, the Buddies
here work their tails off to get
better and stronger!","<CAM:0>Bref, ici, les Pilpoils s'entraînent à
s'en décrocher les coussinets pour
devenir plus forts !","<CAM:0>Comunque, qui i compagni si spaccano la coda
tutti i giorni per miaogliorarsi e diventare
più forti.","<CAM:0>Wie auch immer, die Buddys hier arbeiten sich
jedenfalls die Schnurrhaare krumm, um besser
und stärker zu werden!","<CAM:0>En cualquier caso, ¡los camaradas de aquí se
dejan la piel cada día para ser mejores y más
fuertes!","<CAM:0>Здесь спутники тренируются каждый день,
чтобы стать сильнее и лучше!","<CAM:0>W każdym razie, to tutaj kompani harują
codziennie w pocie pyszczka,
by być silniejszymi!",,,"<CAM:0>Enfim, todos os dias, os Amigos daqui
ralam muito pra ficar melhores
e mais fortes!","<CAM:0>참고로 이 광장에서는 동반자들이
매일 훈련을 하고 있다냥!","<CAM:0>順帶一提，這個廣場裡的隨從們，
每天都拼命地在進行特訓喔喵！","<CAM:0>顺便一说，随从们每天
都在这座广场上卖力特训喵！",,,,,,,,"<CAM:0>على أي حال، يعمل الأصدقاء يوميًا 
هنا بكل جد للتحسن
وتقوية أنفسهم!",,,,,,,,,,,
ace0efbb-64f6-4754-9046-2b91a70da4b5,296001935,会話終了,,,,,,,,,,,,,,,,,,,,,,,,,,,,,,,,,,,,,,,nid306_v0_012,"ボクからの紹介はこんなところかニャ。
詳しいことが知りたかったら、
直接みんなに話を聞いてみるといいニャ。","That's about all I've got for ya.
If you wanna know more, you'll
have to talk to everyone yourself!","Voilà, je crois qu'on a fait le tour !
Si tu veux en savoir plus, il va falloir
que tu ailles parler aux autres !","Questo è tutto. Se vuoi altre informazioni,
dovrai parlare con ognuno di perrrsona.","So viel von meiner Seite. Wenn du mehr
erfahren möchtest, musst du selbst mit
den anderen reden!","Eso es todo. Si quieres saber más,
tendrás que hablar con todos tú <LSNR {mismo} {misma}>.","В принципе, это все, что я могу сказать.
Если хочешь узнать больше, поговори
со всеми <LSNR {сам} {сама}>!","To już chyba wszystko. Jeśli chcesz
wiedzieć więcej, musisz pogadać
ze wszystkimi <LSNR {sam} {sama}>.",,,"Isso é tudo o que eu tinha pra dizer.
Se quiser saber mais, você vai precisar
conversar com todo mundo!","내가 소개할 곳은 이 정도다냥.
더 자세히 알고 싶다면
직접 가서 얘기를 들어 보면 된다냥.","我就介紹到這裡吧喵。
如果你想知道得更詳細一點，
可以直接去問問看他們喵。","我要做的介绍差不多就这些喵。
你想了解详细情况的话，
可以直接问大家喵。",,,,,,,,"ذلك كل ما جمعته <LSNR {لك} {لكِ}>. إذا <LSNR {أردت} {أردتِ}>
معرفة المزيد، <LSNR {عليك} {عليكِ}>
التحدث إلى الجميع <LSNR {بنفسك} {بنفسكِ}>!",,,,,,,,,,,
cdeb9c37-2e41-4cc0-bc1f-7a3bd2dd8c1e,2569626918,,(default)世間話,村進行☆3,,,このクエストが未クリアなら→,QN000402,,このクエストがクリア済みなら→,QN000304,,,,,,,,,,,,,,,,,,,,,,,,,,,,,,nid306_v3_000,"マガイマガドが出たとき
イオリくんも一緒だったって聞いたニャ。","I heard Iori was with you when
Magnameowlo attacked.","Il paraît que Iori était avec toi quand
le Magnamalo a attaqué.","Ho sentito dire che Iori era con te quando il
Magnamiaolo ha attaccato.","Hab gehört, Iori war bei dir, als Magnamiaulo
angegriffen hat.","He oído que Iori estaba contigo cuando
Magnamiaulo atacó.","Я слышал, Иори был с тобой,
когда напал Магнамало.","Słyszałem, że Iori był z tobą
podczas ataku Magna-miau-lo.",,,"Soube que Iori estava com você quando
Magnamiaulo atacou.","마가이마가도가 나타났을 때
이오리가 함께 있었다고 들었다냥.","聽說怨虎龍出現時，
小庵剛好也在那裡喵。","我听说怨虎龙出现的时候，
刀脊也在喵。",,,,,,,,"سمعت أن إيوري كان <LSNR {معك} {معكِ}> عندما
هجم ماجنامالو.",,,,,,,,,,,
55a50f3f-b6f9-46cb-9776-e9d7d833aeba,25239078,,,,,,,,,,,,,,,,,,,,,,,,,,,,,,,,,,,,,,,,nid306_v3_001,"大丈夫だったかニャ…
イオリくん、帰ってきてから
ずっと難しい顔をしてるニャよ。","I don't know what it is but ever since
he got back, he's had this pained look
on his face. I wonder how he's doing...","Je sais pas ce qu'il a, mais depuis son
retour, il n'a vraiment pas l'air bien.
Je me demande ce qui lui arrive...","Non so come mai, ma da quando è tornato
sembra sofferente. Spero che stia bene...","Ich weiß nicht, was es ist, aber seit seiner
Rückkehr hat er diesen gequälten Gesichts-
ausdruck. Ich frag mich, wie es ihm geht...","No sé a qué se deberá, pero lleva con una
expresión de dolor en la cara desde que
volvió. Espero que esté bien...","Интересно, как у него дела.
С тех пор, как он вернулся,
он какой-то потерянный.","Od czasu, kiedy wrócił, ma taki
zbolały wyraz twarzy. Zastanawiam się,
jak się mrrr-iewa...",,,"Não sei o que é, mas desde que voltou,
ele tava meio pra baixo.
Como será que ele está?","괜찮았던 걸까냥…
이오리, 돌아오고 나서
계속 표정이 안 좋았다냥…","他還好嗎喵……
自從他回來之後，
就一直露出苦惱的表情呢喵。","不知道他还好喵……
刀脊他自从回来之后，
就一直愁眉苦脸的喵。",,,,,,,,"لا أعرف حقيقة الأمر ولكن منذ عودته،
لم تفارق هذه النظرة المحملة بالألم
وجهه. أتساءل كيف حاله...",,,,,,,,,,,
fda9c541-3570-48ea-9b13-21f41a6864e9,2361426760,会話終了,,,,,,,,,,,,,,,,,,,,,,,,,,,,,,,,,,,,,,,nid306_v3_002,"ケガしたわけじゃ、ないのニャね？
ならいいんだけどニャ……？","It doesn't look like he was hurt
though, so he'll be fine...right?","Mais il n'a pas l'air blessé,
alors ça devrait aller, j'imagine.","Non mi sembrava ferito... Starà bene, vero?","Verletzt wurde er aber offenbar nicht.
Also wird doch alles wieder gut... oder?","La verdad es que no veo que esté herido por
ninguna parte. Así que debería de estar bien,
¿no te parece?","Но, вроде бы, его не ранили, так что
все будет хорошо... верно?","Chyba nie odniósł żadnych ran, więc...
wszystko będzie w porządku, prawda?",,,"Não parece que ele foi ferido,
então ele vai ficar bem... né?","어디 다친 건 아니지냥?
그렇다면 괜찮지만……","他應該不是哪裡受了傷吧？
希望他沒事才好喵……","不是受伤了喵？
那就好喵……",,,,,,,,"لا تبدو عليه علامات
جروح رغم ذلك، لذا سيكون على ما يرام، صحيح؟",,,,,,,,,,,
1f0486bc-5c92-4ef9-a85b-14de1178f3ad,127133852,,(default)世間話,村進行☆5,,,,,,,,,,,,,,,,,,,,,,,,,,,,,,,,,,,,,nid306_v5_000,"<PL>さん、
マガイマガドを倒したニャね～！","<PL>!
I heard you beat Magnameowlo!","<PL> ! Il paraît que
tu as battu le Magnamalo !","Ehi, <PL>, ho saputo che
hai sconfitto il Magnamiaolo!","Miau, <PL>!
Du hast Magnamiaulo also besiegt!","¡He oído que has derrotado a Magnamiaulo,
<PL>!","<PL>, я слышал, ты
<LSNR {победил} {победила}> Магнамало!","<PL>, słyszałem, że
<LSNR {pokonałeś} {pokonałaś}> Magna-miau-lo!",,,"<PL>!
Soube que derrotou Magnamiaulo!","<PL> 씨.
마가이마가도를 쓰러뜨렸구냥~!","<PL>，
你打倒怨虎龍了吧喵～！","<PL>，
你打倒怨虎龙了喵～！",,,,,,,,"سمعت <LSNR {أنك هزمت} {أنكِ هزمتِ}> ماجنامالو!
يا <PL>!",,,,,,,,,,,
7e914e80-2151-4eb7-b53b-dd98f23d068d,3700938474,,,,,,,,,,,,,,,,,,,,,,,,,,,,,,,,,,,,,,,,nid306_v5_001,"ボク、ゴコク様が描いた
マガイマガドの絵を見せてもらったけど、
……うう、思い出しただけで震えるニャ。","Meowster Hojo showed me a drawing of it
once. That's one scary-lookin' meownster!
I hope it never comes near me!","Hojo m'a montré un dessin de lui. Il n'a
vraiment pas l'air commode ! Chapristi !
J'espère ne jamais le rencontrer !","Il capo Hojo mi ha miaostrato un disegno. È 
proprio un miaostro spaventoso! Non vorrei
mai trovarmelo davanti!","Miauster Hojo hat mir mal eine Zeichnung
von ihm gezeigt. So ein gruseliges Miaunster!
Ich hoffe, er kommt nie in meine Nähe!","El maestro Hojo me enseñó un dibujo sobre ese
miaunstruo. ¡Y no veas qué miedo que da!
¡Espero no tenerlo cerca nunca!","Мяустер Ходзё как-то показал мне его
портрет. Ужас какой! Надеюсь
никогда его не встретить.","Miaustrz Hojo pokazał mi go kiedyś na
rysunku. Przerażające miaustrum!
Nie chciałbym zobaczyć go z bliska!",,,"Miaustre Hojo me mostrou um desenho dele
uma vez. Era um miaunstro assustador!
Espero que nunca chegue perto de mim!","전에 고코쿠 님이 그린
마가이마가도 그림을 본 적이 있는데
……으으, 떠올리는 것만으로도 무섭다냥.","風登大人給我看過他所畫的怨虎龍，
嗚嗚……不過光是回想，
就讓我全身發抖了喵。","岁丰稔大人
给我看过他画的怨虎龙……
呜呜，真是光想起来就打寒颤喵。",,,,,,,,"لقد عرض لي السيد هوجو رسمة لذلك في
إحدى المرات. إنه وحش مخيف المظهر!
أتمنى ألا يقترب مني مطلقًا!",,,,,,,,,,,
d487b7d8-fc9a-40c7-9152-fcbedf2a5e5e,3890148029,会話終了,,,,,,,,,,,,,,,,,,,,,,,,,,,,,,,,,,,,,,,nid306_v5_002,"あんな恐ろしい見た目のモンスターを、
よく狩猟できたニャね。
<PL>さんはすごいのニャ。","Anymew, taking down such a fur-ocious
beast is quite a feat! Three cheers fur you,
<PL>!","Bref, ça n'a pas dû être facile de
terrasser un monstre aussi affreux !
Chat-peau bas, <PL> !","Sconfiggere una bestia così miaolvagia è
una vera impresa. Urrà per te,
<PL>!","Wie auch immer, es ist eine tolle Leistung,
so eine bösartige Bestie zu erledigen! Ein
dreifaches Hoch auf dich, <PL>!","Acabar con una bestia de aspecto tan feroz no
es poca cosa. ¡Ole tú, <PL>!","Одолеть такое жуткое чудовище —
настоящий подвиг. Троекратное
""ура"" тебе, <PL>!","U-miau-cestwienie tak straszliwej
bestii to niezły wyczyn. Miau-leży
ci się medal, <PL>!",,,"Enfim, abater um ser tão feroz
é um feito e tanto. Três vivas pra você,
<PL>!","그런 무서운 몬스터를
잘도 사냥했다냥.
<PL> 씨는 대단하다냥.","<PL>竟然有辦法成功狩獵
外表這麼可怕的魔物喵。
實在太厲害了喵。","那怪物看起来那么吓人，
难为你狩猎它了喵。
<PL>真强喵。",,,,,,,,"على كل حال، من النادر القضاء على
وحش كاسر مثل هذا! لنشرب احتفالًا بما
<LSNR {حققته} {حققتِه}> يا <PL>!",,,,,,,,,,,
77c8d99f-6516-4a81-81b0-5e535fe203c6,1585923559,,(default)世間話,,集会所進行☆6,,この会話フラグがOFFなら→,EV_PRO_HALL_007_01_01,,このクエストがクリア済みなら→,QN010603,,,,,,,,,,,,,,,,,,,,,,,,,,,,,,nid306_h6_000,"<PL>さーん！
ついにイブシマキヒコ、倒したニャね！","Meow-wie, <PL>!
You defeated that fur-ightening
meownster, Ibushi!","Chat-peau, <PL> ! Tu as
vaincu l'affreux Ibushi !","Miao, <PL>! Hai sconfitto quel
miaostro pauroso, l'Ibushi!","Miau, <PL>! Du hast das
schnurrchtbare Miaunster Ibushi besiegt!","¡Hola, <PL>! ¡Has derrotado a
ese miaunstruo tan aterrador, Ibushi!","Привет, <PL>!
Ты <LSNR {победил} {победила}> этого жуткого
мяунстра Ибуси!","Sie-miau, <PL>!
<LSNR {Pokonałeś} {Pokonałaś}> to
miaustrum, Ibushiego!",,,"Miau-uau, <PL>!
Você derrotou aquele miaunstro
assustador, Ibushi!","<PL> 씨!
마침내 이부시마키히코를 쓰러뜨렸다냥!","<PL>～！
你終於打倒風神龍了喵！","<PL>！
你终于打倒风神龙了喵！",,,,,,,,"يا إلهي يا <PL>!
لقد <LSNR {هزمت} {هزمتِ}> ذلك الوحش المخيف
إيبوشي!",,,,,,,,,,,
e9f0ff73-9ca4-4315-b28f-46ee240c67eb,2172915698,,,,,,,,,,,,,,,,,,,,,,,,,,,,,,,,,,,,,,,,nid306_h6_001,"すごいニャ～！
さすが、<PL>さんだニャ！","You never cease to impurr-ess, do you?",Tu m'épates de plus en plus !,"Non smetti miaoi di stupirmi, eh!",Du verblüffst mich immer wieder.,"Jamás dejas de impurrresionar, ¿eh?","Не перестаешь удивлять, смотрю?",Jesteś po prostu <LSNR {miau-samowity} {miau-samowita}>.,,,"Você nunca para de impressionar, né?","대단하다냥~!
역시 <PL> 씨다냥!","太厲害了喵～
真不愧是<PL>喵！","好强喵～！
不愧是<PL>喵！",,,,,,,,ألن <LSNR {تتوقف} {تتوقفي}> عن إبهارنا؟,,,,,,,,,,,
a7cdc3c9-06f5-4f1a-9c4a-15d98abacf25,3110351715,会話終了,,,,,,,,,,,,,,,,,,,,,,,,,,,,,,,,,,,,,,,nid306_h6_002,"百竜夜行はまだ続くって
コガラシさんも言ってたけど
それもきっともう一息なのニャ！","Kogarashi says the Rampage is still
nippin' at our tails, but we must be
getting close to stopping it meow!","D'après Kogarashi, la Calamité nous
pend toujours au nez, mais nous allons
bientôt en finir, c'est sûr !","Kogarashi dice che la furia è ancora
una bella gatta da pelare, ma prrresto
la fermeremo.","Kogarashi sagt, die Randale ist uns immer
noch auf den Pfoten, aber langsam ist wohl
ein Ende in Sicht!","Kogarashi dice que el Frenesí sigue su curso,
¡pero debe de faltar poco para que lo
detengamos!","Когараси говорит, Буйство до сих пор
не прекратилось, но мы уже
вот-вот его остановим!","Kogarashi mówi, że wciąż mamy Furię na
ogonie, ale chyba jesteśmy już
coraz bliżej jej zakończenia!",,,"Kogarashi diz que o Frenesi ainda tá
nas nossas caudas, mas devemos estar
perto de pôr um fim nele agora!","백룡야행은 계속될 거라고
코가라시 씨가 말씀하셨지만
그것도 얼마 안 남았다냥!","雖然秋風頭領
也說百龍夜行還沒結束，
但我想肯定只差一步了喵！","冬风也说
百龙夜行还会继续，
可是一定就差那么一口气了喵！",,,,,,,,"يقول كوجاراشي إن الغضب العارم
مازال يهددنا، لكننا علينا
أن نضع حدًا لذلك الآن!",,,,,,,,,,,
264ee1f9-4ad0-404c-98ae-f7cec8b70638,501271369,,(default)世間話,,集会所進行☆7以上,,この会話フラグがOFFなら→,EV_PRO_HALL_008_02_01,,このクエストがクリア済みなら→,QN010702,,,,,,,,,,,,,,,,,,,,,,,,,,,,,,nid306_h7_000,"やっぱり<PL>さんは
すごいニャ～！","Meow-wie, <PL>!
You sure sent that meownster packing!","Chat-peau, <PL> ! Tu n'en as
fait qu'une bouchée de ce miaonstre !","Miao, <PL>! Hai fatto fuggire
quel miaostro con la coda tra le gambe!","Miau, <PL>! Du hast dem
Miaunster eine hübsche Abfuhr erteilt!","¡Aquí estás, <PL>!
¡Has dado para el pelo a ese miaunstruo!","Привет, <PL>!
Как ты <LSNR {задал} {задала}> этому монстру!","Sie-miau, <PL>! <LSNR {Spuściłeś} {Spuściłaś}>
temu miaustrum niezłe bęcki!",,,"Miau-uau, <PL>!
Você mandou aquele miaunstro pra casa!","역시 <PL> 씨는
대단하다냥~!",我就知道<PL>果然很厲害喵～！,"<PL>
果然好强喵～！",,,,,,,,"يا إلهي يا <PL>!
لقد <LSNR {قضيت} {قضيتِ}> على ذلك الوحش بكل تأكيد!",,,,,,,,,,,
8bd0f9e5-5c7b-45f6-aca1-b77705960598,691599968,,,,,,,,,,,,,,,,,,,,,,,,,,,,,,,,,,,,,,,,nid306_h7_001,"イブシマキヒコだけじゃなくて
ナルハタタヒメまで
倒してしまうなんてニャ～！","fur-st you put the beatdown on Ibushi,
and then its girlfur-iend, Narwa!
You cold, hunter.","D'abord tu envoies valdinguer l'Ibushi, et
maintenant tu te débarrasses de sa
copine, la Narwa... Quelle violence !","Prima hai dato una bella lezione all'Ibushi e
poi è toccata a sua ""miaoglie"", quella Narwa!
Sei prrroprio <LSNR {tosto} {tosta}>, <LSNR {cacciatore} {cacciatrice}>.","Zuerst machst du Ibushi platt, und dann auch
noch seine Freundin Narwa. Du bist eiskalt,
<LSNR {Jäger} {Jägerin}>.","Primero machacas a Ibushi, ¡y ahora vas y le
haces lo mismo a su novia, Narwa!
¡Eres demasiado, <LSNR {cazador} {cazadora}>!","Сперва ты <LSNR {врезал} {врезала}> Ибуси,
а теперь и подружке его, Нарве!
Да ты зверь просто.","Najpierw <LSNR {pogoniłeś} {pogoniłaś}> kota Ibushiemu, a
teraz jego miau-kochanej, Narwie!
Ostro sobie poczynasz.",,,"Primeiro, você derrota Ibushi,
aí a namorada dela, Narwa!
Você é <LSNR {frio, caçador}{fria, caçadora}>.","이부시마키히코에다가
나루하타타히메까지
쓰러뜨리는 거다냥~!","除了風神龍之外，
你竟然連雷神龍都打倒了喵～！","没想到不止风神龙，
连雷神龙
都给你打倒了喵～！",,,,,,,,"<LSNR {عليك} {عليكِ}> أولًا هزيمة إيبوشي
ثم صديقته، ناروا!
<LSNR {أيها الصياد المغوار} {أيتها الصيادة المغوارة}>.",,,,,,,,,,,
339d4c0e-0b97-46f7-a05d-ebd8444e42e6,2689695435,,,,,,,,,,,,,,,,,,,,,,,,,,,,,,,,,,,,,,,,nid306_h7_002,"２体ともまだ生きてるって話だったけど、
今、コガラシさんたちが
調査してるから、だいじょうぶニャ。","And hopefur-ly that beatdown will keep
'em from showing their ugly meownster
faces here again!","En espérant que la raclée que tu leur as
mise les fera réfléchir à deux fois
avant de remontrer leur sale tête !","Speriamo che gli sia passata la voglia di
far vedere i loro brutti musi miaostruosi
da queste parti!","Die Tracht Prügel war ihnen hoffentlich eine
Lehre und wir müssen ihre hässlichen
Miaunstervisagen hier nicht mehr ertragen!","Con suerte, ¡esa paliza los convence de que
no deben acercar esos feos hocicos de
miaunstruo por aquí nunca más!","Будем надеяться, что теперь они
сюда свои мяунстровые рыла не сунут!","Oby odebrało im to miau-chotę do
pokazywania swych wrednych
miau-strualnych pysków w tej okolicy!",,,"E espero que aquela surra mantenha
aquelas caras feias de miaunstro
longe daqui!","두 마리 다 살아있다고 들었지만
지금 코가라시 씨와 다른 사람들이
조사하고 있으니 괜찮을 거다냥.","雖然聽說那2頭龍都還活著，
不過秋風頭領他們已經著手進行調查了，
所以暫時可以放心了喵。","听说那两条龙都还活着，
但是冬风它们正在调查，
所以没问题的喵。",,,,,,,,"ومن المرجو أن تحول هزيمة
تلك الوحوش دون إظهار وجوههم القبيحة
هنا مجددًا!",,,,,,,,,,,
e41edc2c-9f90-4760-9a73-9aeeb745c30e,1805070262,会話終了,,,,,,,,,,,,,,,,,,,,,,,,,,,,,,,,,,,,,,,nid306_h7_003,"見つかったら、また<PL>さんが
ズバッと倒してくれるニャね！
ボクたちは安心して過ごせるニャ。","And if they ever do, Kogarashi will
find 'em and you'll give 'em another
beatdown, right <PL>!?","Et s'ils le font quand même, Kogarashi
les retrouvera et il leur mettra la tête
au carré. T'inquiète, <PL> !","Ma se dovessero tornare, Kogarashi li troverà
e tu gli darai un'altra bella lezione!
Giusto, <PL>?!","Und falls doch, wird Kogarashi sie finden,
und du vermaust sie dann noch mal ordentlich.
Stimmt doch, <PL>?","Y si lo hacen, Kogarashi los encontrará y tú
les pegarás otra paliza, ¡¿verdad que sí,
<PL>?!","А если сунут, Когараси их найдет
и ты им снова от души врежешь,
верно, <PL>?","A jeśli nie, to Kogarashi znowu ich
wytropi, a ty jeszcze raz przetrzepiesz
im skórę, tak, <PL>!?",,,"E se voltarem, Kogarashi os encontrará
e você dará outra surra neles,
né, <PL>?!","발견하면 <PL> 씨가
다시 한번 쓰러뜨려 줄 거다냥!
우린 안심하고 지낼 수 있다냥.","<PL>，等找到牠們的時候，
你一樣會馬上打倒牠們的吧喵！
那我們就能放心地繼續生活了喵。","找到之后，<PL>会
再次麻利地打倒它们的喵！
这样我们可以安心过日子了喵。",,,,,,,,"وفي حال ظهورها مجددًا، سيجدهم كوجاراشي
<LSNR {وستقوم} {وستقومين}> بهزيمتها مجددًا،
أليس كذلك يا <PL>؟!",,,,,,,,,,,
74d9accf-3d61-44f3-9ecf-1ff2676565da,955783494,,(default)世間話,,集会所進行☆7EX,,この会話フラグがOFFなら→,EV_PRO_HALL_008_05_01,,この会話フラグがONなら→,EV_PRO_HALL_008_02_01,,,,,,,,,,,,,,,,,,,,,,,,,,,,,,nid306_h7_004,"<PL>さん！
<PL>さんだニャ！","Meow-wie, <PL>!
You're a real village hero meow!","Chat-peau, <PL> ! Ça y est,
t'es la star du village maintenant !","Miao, <PL>!
Sei <LSNR {un} {una}> <LSNR {vero} {vera}> <LSNR {eroe} {eroina}> per il villaggio.","Miau, <PL>!
Du bist jetzt <LSNR {ein echter Dorfheld} {eine echte Dorfheldin}>!","Hola, <PL>. ¡Te has hecho
<LSNR {todo un héroe} {toda una heroína}> en la aldea!","Привет, <PL>!
Ты теперь <LSNR {настоящий герой} {настоящая героиня}> деревни!","Sie-miau, <PL>! Jesteś
teraz <LSNR {prawdziwym bohaterem} {prawdziwą bohaterką}> wioski!",,,"Miau-ui, <PL>!
Você é <LSNR {o herói}{a heroína}> da aldeia agora!","<PL> 씨!
<PL> 씨다냥!","<PL>！
是<PL>喵！","<PL>！
<PL>来了喵！",,,,,,,,"يا إلهي، يا <PL>!
<LSNR {إنك بطل القرية الحقيقي} {إنكِ بطلة القرية الحقيقية}> الآن!",,,,,,,,,,,
457db710-755f-4e59-b04d-9e2c09b9ead7,2662557910,,,,,,,,,,,,,,,,,,,,,,,,,,,,,,,,,,,,,,,,nid306_h7_005,"いや～、<PL>さんは
すっかり里の英雄だからニャ。
今のうちに色紙でも書いてもらおうかニャ。","Oh, wait! I gotta get you to sign something.",Il faut que je te fasse signer un truc.,"Oh, un miaomento! Voglio il tuo autografo!","Oh, Maument! Du musst etwas unterschreiben.","Oh, ¡espera! Tengo que darte algo para que me
lo firmes.","Подожди, я попрошу
тебя кое-что подписать.","Czekaj, mam tu coś. Chciałbym,
żebyś to <LSNR {podpisał} {podpisała}>.",,,"Ah, espera! Preciso pegar um autógrafo.","역시 <PL> 씨는
이 마을의 영웅이다냥.
지금이라도 사인을 받아 둘까냥?","哎呀～<PL>已經
徹底成為村莊裡的英雄了喵。
我也趁現在請你簽個名好了喵。","哎呀～<PL>
已经完全成为全村的英雄了喵。
要不我趁现在拿张纸请你留念好了喵。",,,,,,,,يا إلهي <LSNR {فلتنتظر} {فلتنتظري}>! أحتاج <LSNR {منك} {منكِ}> إلى التوقيع على شيء ما.,,,,,,,,,,,
12f1557b-2a84-4ddf-b333-ce0668dc3caa,3268674807,会話終了,,,,,,,,,,,,,,,,,,,,,,,,,,,,,,,,,,,,,,,nid306_h7_006,"名前と、座右の銘と…
あ、手形とかもどうかニャ。
将来、すごい価値がでそうだニャ！","Here! Add your name, your motto...
Oh, and a pawprint! I bet it'd be
worth a fur-tune one day!","Vas-y, écris ton nom, ta devise... Oh,
et une empreinte aussi ! Chapristi !
Je vais être riche avec tout ça !","Ecco! Aggiungi il tuo nome, il tuo motto... E
anche la tua impronta. Varrà una forrrtuna.","Da! Mit deinem Namen, deinem Motto... Oh, und
einem Pfotenabdruck! Ich wette, das ist eines
Tages ein Vermögen wert!","¡Toma! Ponle tu nombre, tu lema...
Oh, ¡y tu huella! ¡Seguro que algún día
valdrá un miauntón de dinero!","Здесь! И еще свое имя, девиз... да, и
отпечаток лапы! В будущем это
будет стоить кучу денег!","O, tu. Potrzebne mi twoje imię i motto.
Aha, i odcisk łapki! To będzie kiedyś
warte więcej niż tona sardynek!",,,"Aqui! Coloca o seu nome, seu lema...
Ah, e uma impressão digital! Vai valer
uma fortuna um dia!","이름이랑 좌우명이랑…
아, 손도장도 괜찮을 거 같다냥.
나중에 엄청난 가치가 생길 거다냥!","要請你幫我寫上名字、座右銘……
對了，還有手印也要喵。
感覺以後肯定會增值喵！","要签名，还有座右铭……
啊，手印也请来一份喵。
将来会成为稀世珍宝的喵！",,,,,,,,"هنا! <LSNR {أضف} {أضيفي}> الاسم ووسيلة الركوب...
يا إلهي والبصمة أيضًا! أراهن أن ذلك
سيساوي ثروة يومًا ما!",,,,,,,,,,,
0ef472b3-565f-4d70-b001-461a18fbc9d5,2668617281,,(default)世間話,,集会所進行☆7EX,,この会話フラグがONなら→,EV_PRO_HALL_008_05_01,,このクエストが未クリアなら→,QN010706,,,,,,,,,,,,,,,,,,,,,,,,,,,,,,nid306_h8_000,"２体の古龍が見つかったニャ。
広場にいるオトモたちも、
少し緊張している様子だニャ。","We saw the two elder dragons
here from the Buddy Plaza. It's
got everyone's fur standing on end.","On a aperçu les deux dragons anciens
depuis la Place Pilpoil. Ça nous a tous
hérissé le poil !","Abbiamo visto quei due draghi anziani dalla
Piazza compagni. Hanno fatto rizzare il pelo
a tutti quanti.","Wir haben die beiden Drachenältesten hier von
der Buddy-Plaza aus gesehen. Bei dem Anblick
stand allen das Fell zu Berge!","Vimos a los dos dragones ancianos desde la
plaza Camarada. Todo el mundo está nervioso.","Мы увидели этих двух древних драконов
с Площади спутников. То-то у всех
шерсть дыбом встала!","Z Placu Kompanów
widzieliśmy dwa Starsze Smoki.
Wszystkim aż futro się zjeżyło.",,,"Vimos os dois dragões anciões daqui da
Praça dos Amigos. Todo mundo ficou de
pelo arrepiado.","두 고룡을 찾아냈다냥.
광장에 있는 동반자들도
조금 긴장한 것 같다냥.","已經找到那2頭古龍了喵。
廣場裡的隨從們看起來似乎都有點緊張喵。","找到两头古龙了喵。
广场上的那些随从
看起来也有些紧张了喵。",,,,,,,,"لقد رأينا التنينين القويين
هنا في ساحة الأصدقاء. وأدخل ذلك المنظر
الرعب في قلوب الجميع.",,,,,,,,,,,
83909e9b-32ff-4cd8-b78d-d5990e809939,1113601599,,,,,,,,,,,,,,,,,,,,,,,,,,,,,,,,,,,,,,,,nid306_h8_001,"でも<PL>さんが
倒しに行ってくれるのなら、
大船に乗ったつもりで待ってるニャ。","But if you're on the case, <PL>,
we shouldn't have anything to worry
about.","Mais si tu t'en occupes, <PL>,
il n'y a pas de souci à se faire.","Ma se te ne stai occupando tu, non abbiamo
niente di cui preoccuparci.","Aber wenn du an dem Fall dran bist, gibt es
ja nichts zu befürchten, <PL>.","Pero si eres tú quien se encarga del asunto,
<PL>, no hay de qué preocuparse.","Но раз этим занимаешься
ты, <PL>, нам бояться
нечего.","Ale jeśli ty się tym zajmujesz,
<PL>, to nie mamy
się czym martwić.",,,"Mas com você no caso, <PL>,
não temos nada com o que nos
preocupar.","그래도 <PL> 씨가
고룡들을 쓰러뜨리러 가 준다면
편한 마음으로 기다리고 있겠다냥.","不過既然是<PL>
要去打倒牠們的話，
我就能放一百二十個心等你回來喵。","可是，<PL>
要去打倒它们的话，
我就放下这颗心，好好等着了喵。",,,,,,,,"إذا <LSNR {كنت} {كنتِ}> في خضم هذه المعركة
يا <PL>،فليس هناك
ما نقلق حياله.",,,,,,,,,,,
d8c84b63-8b38-4672-b12a-55cd803a388a,2010679353,会話終了,,,,,,,,,,,,,,,,,,,,,,,,,,,,,,,,,,,,,,,nid306_h8_002,"<PL>さんはムテキなんだニャ。
相手が２体だろうが２００体だろうが、
楽勝で帰ってくるニャ！","I mean, it's you, after all! Two serpents?
Why stop there? I bet you could take
a whole army of 'em, no pur-roblem!","Après tout, t'es loin d'être n'importe
qui ! Deux serpents ? Pff ! Même une
armée t'arriverait pas à la cheville !","Insomma, tu sei speciale! Due drrraghi?
Ti fanno un baffo! Scommetto che potresti
abbatterne un intero esercito!","Immerhin reden wir von dir! Zwei Schlangen?
Pipikatz! Ich wette, du könntest auch eine
Armee von denen schlagen, rubbeldiekatz!","De hecho, creo que dos dragones son poca cosa
para ti, ¡si dudo que ni un ejército pudiese
contigo!","Ведь это же ты, как-никак! Два змея?
Чего скромничать! Держу пари, ты
целую армию змеев можешь положить.","Co to dla ciebie! Dwa węże?
Pestka! Założę się, że <LSNR {pokonałbyś} {pokonałabyś}>
całą mrrr-armię takich!",,,"Digo, é você, afinal! Duas serpentes?
Por que parar aí? Aposto que você encara
um exército delas, sem problemas!","<PL> 씨는 무적이다냥.
상대가 둘이든, 200마리든
쉽게 쓰러뜨리고 올 거다냥!","因為<PL>是所向無敵的喵。
不管對手是2頭還是200頭，
你一定都能輕鬆獲勝，並平安歸來的喵！","<PL>无敌喵。
不管对手有两头还是两百头，
都会轻松搞定，平安回来的喵！",,,,,,,,"أعني، إن الفضل <LSNR {لك} {لكِ}> في نهاية المطاف! أفعيان؟
لماذا توقفتا هنا؟ أراهن أن <LSNR {بمقدورك} {بمقدوركِ}>
القضاء على جيش بأكمله منهما، بكل تأكيد!",,,,,,,,,,,
cdc475d1-02ab-42be-962e-070ea7672044,4267763542,,(default)世間話,,集会所進行☆7EX,,この会話フラグがOFFなら→,NID_306_EPILOGUE,,このクエストがクリア済みなら→,QN010706,,,,,,,,,,,,,,,,,,,,,,,会話フラグを「ON」→,NID_306_EPILOGUE,,,,,,nid306_h8_003,"<PL>さん、おかえりニャ。
やっぱり相手が古龍２体だろうが、
楽勝だったニャ。","Welcome back, <PL>.
You made beatin' those two elder dragons
look easy!","<PL> ! Quel plaisir de te
revoir ! Combattre ces deux dragons semble
avoir été une promenade de santé pour toi !","Rieccoti, <PL>. Hai sconfitto
quei due draghi anziani come se fosse una
cosa da niente!","Willkommen zurück, <PL>. Bei
dir sah der Kampf gegen die beiden Drachen-
ältesten aus wie ein Kinderspiel!","Hola de nuevo, <PL>.
¡Has hecho que esos dos dragones ancianos
parezcan lagartijas viejas!","С возвращением, <PL>.
Знатно ты <LSNR {задал} {задала}> этим
древним драконам!","Witaj ponownie, <PL>.
Przy tobie te dwa Starsze Smoki
wyglądały jak polne myszki!",,,"<LSNR {Bem-vindo} {Bem-vinda}> de volta, <PL>.
Você fez parecer fácil bater naqueles
dois dragões anciões!","<PL> 씨, 어서 와라냥.
상대가 고룡 둘이었는데도
쉽게 쓰러뜨렸다냥.","<PL>，歡迎回來喵。
即使對上那2頭古龍，
你還是輕鬆獲勝了呢喵。","<PL>，欢迎回来喵。
果然就算对上两头古龙，
也不在话下喵。",,,,,,,,"عود حميد يا <PL>.
<LSNR {أنت تجعل} {أنتِ تجعلين}> من ضرب هذين التنينين القويين
أمرًا سهلًا!",,,,,,,,,,,
57dd8b53-3c47-4a2c-b336-bb9e5fac08ff,4188564379,,,,,,,,,,,,,,,,,,,,,,,,,,,,,,,,,,,,,,,,nid306_h8_004,"<PL>さんが討伐成功したと
連絡が入ったとき、
もちろんみんな喜んだけど…","We were relieved when we heard
that you successfully took those
terrors down, but...","Nous avons été soulagés d'apprendre
que tu avais vaincu ces deux terreurs,
mais...","Eravamo tutti così felici quando abbiamo
saputo del tuo trionfo, ma...","Wir waren erleichtert, als wir von deinem
Sieg über diese Scheusale gehört haben,
aber...","Fue un alivio enterarnos de que habías
acabado con esas amenazas, pero...","У нас гора с плеч упала, когда мы
узнали, что ты <LSNR {победил} {победила}>, но...","Ulżyło nam, kiedy usłyszeliśmy,
że udało ci się pokonać te
poczwary, ale...",,,"Ficamos aliviados quando soubemos que
você eliminou aqueles terrores com
sucesso, mas...","<PL> 씨가 토벌에
성공했다는 연락을 들었을 때
모두가 기뻐했지만…","收到<PL>
討伐成功的消息後，
大家當然都感到很開心……","收到<PL>
讨伐成功的消息时，
大家当然很开心了……",,,,,,,,"لقد شعرنا بالراحة عندما سمعنا
<LSNR {أنك قضيت} {أنكِ قضيتِ}> على
الأخطار، ولكن...",,,,,,,,,,,
f59ac188-26b9-4755-9d6e-626bd8424d76,887014280,会話終了,,,,,,,,,,,,,,,,,,,,,,,,,,,,,,,,,,,,,,,nid306_h8_005,"<PL>さんが無事だと連絡が来て
さらにワーッと盛り上がったニャ。みんな、
<PL>さんが大好きなんだニャ。","Everyone REALLY cheered once we
heard that you managed to get back
safe and sound!","On ne s'est vraiment réjoui que
quand on a appris que tu étais
de retour en un seul morceau !","Ma abbiamo tirato un sospiro di sollievo solo
quando abbiamo saputo che eri
<LSNR {torrrnato sano e salvo} {torrrnata sana e salva}>!","RICHTIG gejubelt haben wir alle erst, als wir
wussten, dass du es wohlbehalten zurück-
schafft hast!","Lo mejor no fue eso, ¡sino saber que habías
vuelto <LSNR {sano y salvo} {sana y salva}>!","Больше всего все обрадовались, когда
услышали, что ты
<LSNR {вернулся целым и невредимым} {вернулась целой и невредимой}>!","Prawdziwe wiwaty zaczęły się,
gdy się okazało, że
<LSNR {wróciłeś cały i zdrowy} {wróciłaś cała i zdrowa}>!",,,"Todos aplaudiram MUITO quando ouvimos
dizer que você tinha voltado
<LSNR {são e salvo!} {sã e salva!}>","<PL> 씨가 무사하다는
연락을 들었을 때는 더 많이 기뻐했다냥.
다들 <PL> 씨를 좋아한다냥.","不過在得知<PL>平安無事後，
所有人反而歡呼得更大聲呢喵。
大家真的都非常喜歡<PL>喔喵。","可是收到<PL>平安的消息时，
大家就更激动了喵。
大家都很爱<PL>喵。",,,,,,,,"لقد طار الجميع من الفرحة بمجرد سماعنا
<LSNR {أنك قد تمكنت} {أنكِ قد تمكنتِ}> من العودة
بكامل الصحة والعافية!",,,,,,,,,,,
22fa123a-18aa-451a-9b17-18850b8c32b4,3832413764,,(default)世間話,,集会所進行☆7EX,,このクエストがクリア済みなら→,QN010706,,,,,,,,,,,,,,,,,,,,,,,,,,,,,,,,,nid306_h8_006,"<PL>さん、
オトモ広場へようこそだニャ！","Hey, <PL>!
Greetings and sal-mew-tations!","Hé, <PL> !
Bienvenue et chalutations !","Ehi, <PL>!
Miao, ben <LSNR {trrrovato} {trrrovata}>!","Hallo, <PL>!
Grüße und miaun miaun!","Hola, <PL>.
¿Cómo te va todo?","Приветствую, <PL>!
Добро пожаловать!","Hej, <PL>!
Witam, moje miau-szanowanie!",,,"Ei, <PL>!
Saudações!","<PL> 씨!
동반자 광장에 온 걸 환영한다냥!","<PL>，
歡迎來到隨從廣場喵！","<PL>，
欢迎来到随从广场喵！",,,,,,,,"مرحبا يا <PL>!
تهانيا وتحياتنا!",,,,,,,,,,,
af6568e8-821d-40ba-8b4c-411b6a27a0a2,3700756991,,,,,,,,,,,,,,,,,,,,,,,,,,,,,,,,,,,,,,,,nid306_h8_007,"<PL>さんがここへ来ると
広場のオトモたちも嬉しそうニャ。","Whenever you show up, all the Buddies
get super excited!","Dès que tu apparais,
les Pilpoils sont super excités !","Quando arrivi tu, tutti i compagni
rizzano le orecchie!","Wann immer du auftauchst, sind alle
Buddys total aus dem Häuschen!","Siempre que te pasas por aquí, todos se
animan un montón.","Каждый раз, когда ты нас навещаешь,
Спутники так радуются!","Kompani zawsze bardzo się cieszą
na twój widok!",,,"Sempre que você aparece, os Amigos ficam
todos superanimados!","<PL> 씨가 여기 오면
광장에 있는 동반자들도 좋아한다냥.","見到你過來後，
廣場的隨從們看起來都很高興喵。","<PL>来这里之后，
广场上的随从们好像也很开心喵。",,,,,,,,"عندما <LSNR {تظهر} {تظهرين}>، يشعر الجميع
بالحماس الشديد!",,,,,,,,,,,
c147da2a-756b-4806-bf5e-ea5948176971,1425632706,会話終了,,,,,,,,,,,,,,,,,,,,,,,,,,,,,,,,,,,,,,,nid306_h8_008,"もちろんボクも嬉しいのニャ！
これからも、ときどきお話してほしいニャ。","And I'm glad you swung by too!
Hey, don't furget to say hi every
meow and then.","C'est gentil de passer me voir !
Reviens à l'occasion.","Sono felice di vederti. Non dimenticarti di
passare a dirci miao ogni tanto.","Und ich freue mich auch, dass du vorbei-
schaust! Hey, vergiss nicht, ab und zu mal
Hallo zu maunzen.","Y que conste que yo también me incluyo.
Así que ya sabes, pásate de vez en cuando a
saludar, ¿vale?","Да и я рад тебяу видеть!
Ты уж не забывай, захаживай.","Ja też się cieszę, że <LSNR {wpadłeś} {wpadłaś}>!
Konieczne przychodź 
jak miau-częściej.",,,"E fico feliz de você ter aparecido! Ei,
não esquece de dar um oi de vez
em quando.","물론 나도 좋다냥!
앞으로도 종종 말을 걸어 달라냥.","當然，我也覺得非常開心喵！
希望你以後偶爾能來找我聊天喵。","我当然也很高兴喵！
希望你以后也时不时来陪我说说话喵。",,,,,,,,"ويسعدني <LSNR {مرورك} {مروركِ}> علىّ!
ولا <LSNR {تنسَ} {تنسي}> إلقاء التحية
بين الحين والآخر.",,,,,,,,,,,
23c92308-6c11-4de4-be93-020b7bce715b,3012748827,,(default)世間話,,,,,,,,,,,,,,,,,,,,,,,,,,,,,,,,,,,,,,nid306_s1_000,"新しくオトモを雇用したい場合は
イオリくんに話しかけるニャ。","Talk to Iori if you want
to recruit new Buddies.","Va voir Iori si tu veux recruter
de nouveaux Pilpoils.","Se vuoi ingaggiare nuovi compagni, vai a
parlare con Iori.","Wenn du neue Buddys anheuern möchtest,
sprich mit Iori.","Habla con Iori si quieres reclutar nuevos
camaradas.","Если хочешь нанять новых спутников,
поговори с Иори.","Jeśli chcesz zwerbować nowych
kompanów, porozmawiaj z Iorim.",,,"Fale com Iori se quiser
recrutar novos Amigos.","새로운 동반자를 고용하고 싶을 때는
이오리에게 말을 걸면 된다냥.","如果你想雇用新的隨從，
可以去找小庵交談喵。","想雇用新随从的话，
就去找刀脊喵。",,,,,,,,"<LSNR {تحدثْ} {تحدثي}> إلى إيوري إذا <LSNR {رغبت} {رغبتِ}>
في تجنيد أصدقاء جدد.",,,,,,,,,,,
2eb263f3-6fa5-4bac-81e4-8860fcf7efb1,3727465724,会話終了,,,,,,,,,,,,,,,,,,,,,,,,,,,,,,,,,,,,,,,nid306_s1_001,"こんなオトモがほしいな～とか、
オトモの名前をこうしたいな～とかも
一度イオリくんに相談してみるといいニャ。","Also if you want a certain kind
of Buddy, or want to change
their name.","Aussi, si tu veux un Pilpoil en particulier,
ou si t'aimerais en renommer un.","Rivolgiti a lui anche se cerchi un tipo
specifico di compagno o se vuoi rinominarli.","Bei ihm bist du auch an der richtigen Adres-
se, wenn du auf einen bestimmten Buddy aus
bist oder einen Namen ändern willst.","También hazlo si quieres un cierto tipo de
camarada o si quieres cambiar el nombre
a algunos de ellos.","А еще если вдруг захочешь нанять
определенного спутника или
сменить спутнику имя.","Albo gdybyś <LSNR {potrzebował} {potrzebowała}> konkretnego
kompana lub <LSNR {chciałbyś} {chciałabyś}> zmienić
któremuś imię.",,,"Até para buscar um tipo específico
de Amigo, ou para mudar algum nome.","어떤 동반자가 필요한지~
동반자의 이름은 어떻게 할지~
고민될 때는 이오리에게 말하면 된다냥.","或是你想要某種類型的隨從，
還是想變更隨從的名字時，
也都可以去找小庵商量看看喵。","比如想要这～样的随从啊，
或者想把随从的名字改成这～样啊，
都可以找刀脊商量商量喵。",,,,,,,,"وكذلك إذا <LSNR {أردت} {أردتِ}> نوعًا محددًا من
الأصدقاء، أو تغيير
أسماء أي منهم.",,,,,,,,,,,
7f4634ab-45f7-47f5-a43b-db83bd0d42bf,136307898,,(default)世間話,,,,,,,,,,,,,,,,,,,,,,,,,,,,,,,,,,,,,,nid306_s1_002,"オトモ隠密隊を取り仕切っているのは
我らがアイルーの頭領でもある
コガラシさんニャ。","Kogarashi is top-Felyne when it
comes to managing the Meowcenaries!","Pour les Miaourcenaires,
c'est Kogarashi qu'il faut aller voir.","Kogarashi è il miaogliore nella gestione dei
cacciatori di miaostri.","Kogarashi ist der beste Felyne, wenn es
um die Miaunster-Jäger geht.","Kogarashi es el Felyne perfecto cuando se
trata de gestionar a los miaurcenarios.","Мяуемниками Когараси
командует лучше всех!","Kogarashi jest kociastyczny, jeśli
chodzi o zarządzanie miaujemnikami.",,,"Kogarashi é imbatível quando se trata
de gerenciar os Miaucenários!","동반자 그림자 부대를 관리하는 건
우리 아이루의 수장인
코가라시 씨다냥.","負責掌管隨從隱密隊的，
是我們艾路的領導──秋風頭領喵。","全权管理随从隐秘队的
是我们艾露猫的首领
——冬风喵。",,,,,,,,"يعد كوجاراشي رئيس الفيلاين حيث يعمل على إدارة
القطط المرتزقة!",,,,,,,,,,,
140b4162-15be-45f0-aacd-2e3379182cf8,2631606439,,,,,,,,,,,,,,,,,,,,,,,,,,,,,,,,,,,,,,,,nid306_s1_003,"オトモ隠密隊は、<PL>さんが
クエストに出ている間に
別の場所に素材を集めに行くのニャ。","Meowcenaries can be dispatched to
gather materials while you're meow-t
on a quest.","Les Miaourcenaires peuvent
aller chercher des objets pour toi
pendant que tu fais une quête.","I miaorcenari possono essere inviati
a raccogliere materiali mentre tu
sei in miaossione.","Miaunster-Jäger können entsendet werden,
um Material zu besorgen, wenn du gerade
mit einer Quest beschäftigt bist.","Puedes enviar a los miaurcenarios a buscar
materiales mientras tú estás <LSNR {ocupado} {ocupada}> con una
misión.","Мяуемников можно
отправлять на сбор материалов,
пока ты на задании.","Miaujemników możesz wysłać
po miau-teriały, podczas gdy ty będziesz
<LSNR {zajęty} {zajęta}> wykonywaniem zadania.",,,"Miaucenários podem ser enviados para
coletar materiais enquanto você está
em uma missão.","동반자 그림자 부대는 <PL> 씨가
퀘스트를 하는 동안
다른 곳으로 소재를 모으러 간다냥.","隨從隱密隊會在<PL>
進行任務的期間，
到其他地方去收集素材喵。","<PL>去执行任务的时候，
随从隐秘队会去其他地方
收集素材喵。",,,,,,,,"يمكن القطط المرتزقة
لتجميع المستلزمات
خلال <LSNR {قيامك} {قيامكِ}> بالمهمة.",,,,,,,,,,,
d2133e58-1d33-4f2d-a72a-616dea5fce52,2961583211,会話終了,,,,,,,,,,,,,,,,,,,,,,,,,,,,,,,,,,,,,,,nid306_s1_004,"<PL>さんの役に立つために
隊のみんなも頑張ってるから、
ぜひどんどん活用してほしいニャ！","All of the Buddies are eager to
help meow-t, so don't hesitate to
call on them when you need to!","Les Pilpoils sont ultra motivés pour
t'aider, alors n'hésite pas à faire
appel à eux !","Tutti i compagni sono prrronti
a dare una zampa, quindi chiamali
se hai bisogno di aiuto.","Alle Buddys wollen helfen, also zögere nicht,
von ihnen Gebrauch zu machen, wenn du
Hilfe miauchst!","Todos los camaradas están ansiosos por
ayudar, ¡así que no dudes en llamarlos cuando
te haga falta!","Все Спутники готовы тебе помочь, так
что если будет нужно, обращайся!","Wszyscy kompani są chętni do
pomocy, więc ś-miau-o możesz
wzywać ich w razie potrzeby!",,,"Todos os Amigos estão ansioso pra
ajudar, então não deixe de chamá-los
quando precisar!","<PL> 씨를 위해서
부대원들도 열심히 노력하고 있으니
적극적으로 활용해라냥!","為了能夠幫上<PL>的忙，
隊上每個成員都很努力，
請你一定要多加善用喵！","队里的大伙会努力
为<PL>效劳的，
请一定要善加利用喵！",,,,,,,,"يملأ الحماس جميع الأصدقاء
لتقديم المساعدة، لذا لا <LSNR {تتردد} {تتردي}> في
استدعائهم عند الحاجة!",,,,,,,,,,,
de427c3e-8626-41dc-a8a8-ac798babb08e,880779056,,(default)世間話,,,,,,,,,,,,,,,,,,,,,,,,,,,,,,,,,,,,,,nid306_s1_005,"ロンディーネさんは、
里の外から来た交易商人さんだニャ。",Rondine is a trader from a distant land.,Rondine vient d'une contrée lointaine.,Rondine è una mercante venuta da lontano.,"Rondine ist eine Händlerin aus
einem fernen Land.",Rondine es una mercader de un lugar remoto.,Рондина — торговка из дальних земель.,"Rondine jest handlarką, pochodzi
z dalekich stron.",,,"Rondine é um mercador
de uma terra distante.","론디네 씨는
마을 밖에서 온 교역상인이다냥.","隆蒂尼小姐是
來自村外的交易商人喵。","罗德娜
是村外来的交易商喵。",,,,,,,,تعد رونداين تاجرة من أرض بعيدة.,,,,,,,,,,,
095fbc12-0519-4b7c-b7e2-9457e5ed019b,2879709215,,,,,,,,,,,,,,,,,,,,,,,,,,,,,,,,,,,,,,,,nid306_s1_006,"カナリーノさんとチーニョさんも
そうだニャ。
みんな変わった名前だニャ。難しいニャ。","Kotori and Chino too.
Their names are...a little hard
to purr-onounce, no?","Kotori et Chino aussi... D'ailleurs, tu
trouves pas qu'ils ont des noms
difficiles à prononcer ?","Anche Kotori e Chino. I loro nomi sono... un
po' difficili da prrronunciare, non trovi?","Kotori und Chino auch. Ihre Namen sind...
etwas schwer miauszusprechen, oder?","Kotori y Chino también. Sus nombres son un
poco raros, ¿no crees?","Котори и Тино тоже.
Имена у них... трудновато
произносить, да?","Podobnie Kotori i Chino. Ale
imiona, co? Trudne do wy-miau-wienia.",,,"Kotori e Chino também.
Seus nomes são... um pouco
difíceis de pronunciar, não?","카나리노 씨와 치노 씨도
마찬가지다냥.
다들 이름이 특이하다냥. 어렵다냥.","卡那利諾和奇紐也一樣喵。
大家的名字都好特別喵，好難唸喵。","切伊诺和卡娜莉诺也是喵。
她们的名字都好怪喵，好难记喵。",,,,,,,,"كوتوري وتشينو أيضًا.
إن أسماءهم...صعبة بعض الشيء
في النطق، أليس كذلك؟",,,,,,,,,,,
d9b7ca79-0ffb-46ad-a458-0956216b94db,4261176753,,,,,,,,,,,,,,,,,,,,,,,,,,,,,,,,,,,,,,,,nid306_s1_007,"交易に興味があるなら
話しかけてみるといいニャ。","If you want to barter, go talk to them.","Bref. Si tu aimes marchander,
c'est eux qu'il faut aller voir.","Se vuoi fare uno scambio, rivolgiti a loro.","Wenn du handeln willst, sprich sie an.","Si quieres hacer negocios, habla con ellas.","Если тебе нужны товары, обращайся к ним.","Jeśli potrzebujesz wymiany
handlowej, idź właśnie do nich.",,,"Se quer negociar, vá falar com eles.","교역에 흥미가 있다면
얘기를 나눠보는 게 어떻냥?","要是你有興趣進行交易的話，
可以找他們交談喵。","你对交易有兴趣的话，
可以找她聊聊喵。",,,,,,,,إذا <LSNR {أردت} {أردتِ}> المقايضة، <LSNR {فلتذهب} {فلتذهبي}> للتحدث معهم.,,,,,,,,,,,
eed61532-4e5a-4e7d-9159-a5761926b6f7,3776989583,会話終了,,,,,,,,,,,,,,,,,,,,,,,,,,,,,,,,,,,,,,,nid306_s1_008,"なんだかちょっと変わった人だけど、
悪い人じゃないニャよ。","They might be a little purr-culiar, but
they're real cool Felynes, I purr-omise!","Ils sont un peu spéciaux, c'est vrai,
mais ils sont réglo ! Promis !","Potrebbero sembrare un po' strane, ma sono
Felyne miaolto simpatiche. Non
graffiano, prrromesso!","Sie mögen etwas sonderbar sein, sind aber
richtig feine Felynen. Ehrenmaunz!","Pueden parecer un poquito peculiares,
pero son buena gente, te lo purrrometo.","Пусть они и немного странные,
но доверять им можно, честно!","Może są nieco dziwne, ale miau-pewniam
cię, że to naprawdę porządne feliny!",,,"Eles podem ser peculiares, mas
são Felynos bem legais, prometo!","어딘가 조금 특이하지만
나쁜 사람은 아니다냥.","他們雖然有點特別，
但是並不是壞人喔喵。","我总觉得她有点怪，
但并不是坏人喵。",,,,,,,,"قد تبدو عليها علامات الغرابة بعض الشيء،
إلا إنها قطط فيلاين رائعة،<LSNR {أعدك} {أعدكِ}> بذلك!",,,,,,,,,,,
74a3f08c-e8f6-4c39-a5bd-e06bb98987d1,3390968100,,(default)世間話,,,,,,,,,,,,,,,,,,,,,,,,,,,,,,,,,,,,,,nid306_s1_009,"特訓したいオトモは
このオトモ広場に集まるけど、
ほかの人たちは修練場に集まってるニャ。","Buddies hoping to train do so here
at the Buddy Plaza, but everyone
else goes to the Training Area.","Les Pilpoils qui veulent s'entraîner
le font ici, à la Place Pilpoil, mais
sinon, c'est à l'Aire d'entraînement.","I compagni che vogliono allenarsi vanno in
Piazza compagni, mentre per tutti gli altri
c'è l'area di addestramento.","Buddys trainieren hier auf der Buddy-
Plaza, aber alle anderen nutzen dafür
den Trainingsbereich.","Los camaradas que quieren entrenarse vienen
a la plaza Camarada, aunque hay otros que van
a la zona de entrenamiento.","Спутники, желающие тренироваться, делают
это здесь, на Площади спутников, а все
другие идут в Тренировочную зону.","Kompani ćwiczą tutaj, na Placu
Kompanów, ale wszyscy inni
korzystają z obszaru treningowego.",,,"Amigos a espera de treinamento o fazem
aqui na Praça dos Amigos, mas todos
os outros vão pra Área de Treinamento.","훈련하고 싶은 동반자는
여기 동반자 광장에 모이지만
다른 사람들은 수련장에 모인다냥.","想特訓的隨從會聚集到這個隨從廣場，
至於想特訓的獵人，
則是都在修練場那邊喵。","想进行特训的随从
都到这座随从广场来了，
但是其他人都在修炼场喵。",,,,,,,,"يأمل الأصدقاء في ممارسة التمارين هنا
في ساحة الأصدقاء، رغم أن الجميع
يذهب إلى منطقة التدريب أيضًا.",,,,,,,,,,,
b4ff5443-ba1a-4a5c-b64e-700a8d4121b8,2988520870,会話終了,,,,,,,,,,,,,,,,,,,,,,,,,,,,,,,,,,,,,,,nid306_s1_010,"<PL>さんが特訓したいときも
ここより修練場に行くといいニャね。","If you yourself want to train, you
should go the Training Area as well.","Si tu veux t'entraîner, c'est là-bas
qu'il faut que tu ailles.","Se vuoi allenarti, tu devi andare all'area
di addestramento.","Wenn du trainieren möchtest, solltest du
ebenfalls zum Trainingsbereich gehen.","Si quieres entrenar, te recomiendo que tú
también vayas allí.","Если и ты хочешь тренироваться,
тебе тоже дорога в Тренировочную зону.","Jeśli chcesz poćwiczyć,
też się tam udaj.",,,"Se você quiser treinar,
vá pra Área de Treinamento também.","<PL> 씨가 훈련을 하고 싶다면
여기보다는 수련장에 가는 편이 좋다냥.","<PL>，如果你想特訓的話，
還是去修練場會比較好喵。","<PL>想特训的时候，
也可以从这里去修炼场喵。",,,,,,,,"إذا <LSNR {أردت} {أردتِ}> التدريب، يجب
<LSNR {عليك} {عليكِ}> الذهاب إلى منطقة التدريب أيضًا.",,,,,,,,,,,
3677bfde-ce1e-459a-b08d-a0e9eeff4cff,277347857,,(default)世間話,,,,,,,,,,,,,,,,,,,,,,,,,,,,,,,,,,,,,,nid306_s1_011,"広場の中央の、
からくり蛙…いつも堂々たる姿だニャ！","The Toadversary here in the middle of
the Plaza is meow-ssive! Don't you
think so? Meowster Hamon made it!","Le Combatracien qui est au milieu de la
Place est énorme, tu ne trouves pas ?
C'est Miaoussieur Hamon qui l'a fait !","Il rospo meccanico al centro della piazza è
proprio miaossiccio, vero? L'ha costruito
il miaoestro Hamon.","Die Kampfkröte in der Mitte der Plaza ist
echt überwältigend! Miauster Hamon hat
sie gemacht!","El saprobot que hay en medio de la plaza
da miaucho miedo, ¿no opinas igual?
¡Lo hizo el maestro Hamon!","Жабовраг, что стоит в центре
площади, впечатляет! Правда же?
Его сделал Мяустер Хамон!","Ropuchotwór na środku Placu
jest miau-ponujący! Nie sądzisz?
To dzieło Miaustrza Hamona!",,,"O Saponente aqui no meio
da Praça é tão imponente! Não acha?
Miaustre Hamon que fez!","광장 중앙에 있는 개굴모형…
언제 봐도 위풍당당한 모습이다냥!","廣場中央的機關蛙……
總是威風凜凜的喵！","广场中央的机关蛙……
样子总是这么威严喵！",,,,,,,,"إن وحش التدريب هنا في
وسط الساحة هائل! ألا <LSNR {تعتقد} {تعتقدين}>
ذلك؟ لقد صنعه السيد هامون!",,,,,,,,,,,
790f4941-7617-49df-b2e2-1299151c00c6,3210486567,,,,,,,,,,,,,,,,,,,,,,,,,,,,,,,,,,,,,,,,nid306_s1_012,"あれは、ハモンさんが修練場のからくり蛙を
造るときに、「オトモの特訓用に」って、
追加で造ってくれたものなのニャ！","After he made the one for the Training
Area, the Buddies got jealous so he made
another just for the Buddies to train with.","Les Pilpoils étaient tellement jaloux de
celui de l'Aire d'entraînement qu'il en
a fait un pour eux aussi sur la Place.","Dopo aver creato quello dell'area di
addestramento, ha dovuto costruirne un
altro per i compagni, perché erano invidiosi!","Nachdem er die für den Trainingsbereich
gemacht hatte, wollten die Buddys auch eine
fürs Training, also hat er noch eine gebaut.","Después de hacer el de la zona de
entrenamiento, los camaradas se pusieron
celosones, así que hizo otro para ellos.","Когда он собрал Жабоврага для
Тренировочной зоны, спутники начали
завидовать, так что он и им сделал.","Gdy kompani zobaczyli Ropuchotwora na
obszarze treningowym, też zapragnęli
mieć coś takiego i Hamon im zbudował.",,,"Depois que ele fez uma pra Área de
Treinamento, os Amigos ficaram com
ciúme. Então, ele fez uma só pra eles.","그건 하몬 씨가 수련장에 개굴모형을
만들 때 「동반자 훈련용」으로 쓰라고
추가로 만들어 주신 물건이다냥.","那是刀紋先生在製作修練場的
機關蛙時，替我們另行製作的
「隨從特訓專用蛙」喵！","那是刀纹在制造修炼场的机关蛙的时候，
额外帮我们做了一只，
说是“用来给随从做特训”喵！",,,,,,,,"بعد أن جهّزه لمنطقة التدريب، شعر الأصدقاء
بالغيرة لذا قام بعمل واحد مجددًا
ليتدرب عليه الأصدقاء.",,,,,,,,,,,
6c0c0a4c-e8a9-4212-904a-928a1d792c07,3429811683,会話終了,,,,,,,,,,,,,,,,,,,,,,,,,,,,,,,,,,,,,,,nid306_s1_013,"オトモみんなで色を塗って、いろいろ
手を加えたから、修練場のより
カッコよくなってるのニャ！","They all helped paint and decorate it,
so our's looks waaaaaay cooler!","Ils ont tous aidé à le peindre et le
décorer, du coup le nôtre a l'air
beaucoup plus cool maintenant !","Tutti hanno aiutato a dipingerlo e decorarlo
e ora è miaooolto più bello dell'altro!","Alle haben mitgeholfen, sie zu bemalen und
zu dekorieren, deshalb sieht unsere auch
viiiiel besser aus!","Todos participaron para pintarlo y decorarlo,
¡así que el nuestro es miaucho más guay!","Они все сообща его раскрасили
и украсили, так что наш ку-уда
круче смотрится!","Wszyscy pomagali w malowaniu i
ozdabianiu, więc nasz jest
duuuużo fajniejszy!",,,"Todos ajudaram a pintar e decorar, então
o nosso é muuuuuito mais legal!","동반자들이 색을 칠하고 여기저기
손을 봤더니 수련장에 있는 것보다
멋있어졌다냥!","這個機關蛙，是隨從們一起上色，
做了各種修改的成品，
所以才會比修練場的更帥氣喵！","随从一起给它上色，
加工了好多地方，
所以现在比修炼场的更帅气喵！",,,,,,,,"لقد ساعدوا جميعًا في طلائه وتزيينه،
لذلك يبدو مظهره في غاية الروعة!",,,,,,,,,,,
51e4eacd-5ace-4cea-80bf-52002697403a,1724576703,会話終了,会話フキダシ(黄色),,,,オトモチケットの排出が可能か,,,この会話フラグがONなら→,NID_306_FIRST,,,,,,,,,,,,,,,,,,,,,,,,,,,,,,nid306_Ticket_hukidashi,感謝のしるしニャ！,From my paws to your pocket!,De mes pattes aux tiennes !,Dalle mie zampe alla tua tasca!,Hab was für dich in der Pfote!,¡De mis patas a tu bolsillo!,Из моих лапок в твой карман!,Prosto do twojej kieszeni!,,,Direto para o seu bolso!,감사의 증표다냥!,這是表達感謝的證明喵！,这是感谢的证明喵！,,,,,,,,<LSNR {ستحصل} {ستحصلين}> على دعمي الكامل!,,,,,,,,,,,
71ceb028-e7c5-4ad0-a03d-dc15cfa0fddc,4271362935,,重要会話(非進行),,,,オトモチケットの排出が可能か,,,この会話フラグがONなら→,NID_306_FIRST,,,,,,,,,,,,,,,,,,,,,,,,,,オトモチケットの排出,,,,nid306_Ticket_00,"<NOFAC><PL>さん！
いつもオトモたちをクエストに
連れて行ってくれてありがとうニャ！　","<NOFAC><PL>! Thanks for always
taking Buddies with mew on the hunt!","<NOFAC><PL> ! Merci d'emmener
des Pilpoils avec toi quand tu chasses !","<NOFAC>Ehi, <PL>! Grazie di porrrtare
sempre a caccia con te i compagni!","<NOFAC>Miau, <PL>! Danke, dass du immer
Buddys mit auf die Jagd nimmst!","<NOFAC>¡Gracias por llevar camaradas contigo siempre
que vas de caza, <PL>!","<NOFAC><PL>! Спасибо тебе
за то, что всегда берешь спутников!","<NOFAC><PL>! Dzięki, że ciągle
miau-bierasz kompanów na polowania!",,,"<NOFAC><PL>! Valeu por
sempre levar Amigos em suas caçadas!","<NOFAC><PL> 씨!
항상 동반자들을 퀘스트에
데려가 줘서 고맙다냥!　","<NOFAC><PL>！
謝謝你平時帶著隨從們進行任務喵！　","<NOFAC><PL>！
谢谢你总是带随从们
去执行任务喵！",,,,,,,,"<NOFAC><PL>! شكرًا دائمًا
على اصطحاب الأصدقاء <LSNR {معك} {معكِ}> عند الصيد!",,,,,,,,,,,
c173ab25-2ad9-40fc-acfb-a0797b7632be,107834301,会話終了,,,,,,,,,,,,,,,,,,,,,,,,,,,,,,,,,,,,,,,nid306_Ticket_01,"オトモたちを代表して、
ボクから感謝のしるしを送るニャ。
これからもどうぞよろしくニャ！","On behalf of all the Buddies here,
I'd like to give you a token of thanks.
Don't stop here, though!","J'aimerais te faire un petit cadeau
pour te remercier. De la part de tous
les Pilpoils ! Continue comme chat !","Vorrei offrirti un dono di ringraziamento da
parte di tutti i compagni. Continua così!","Im Namen aller Buddys hier möchte ich dir das
hier als Dankeschön geben. Mach weiter so!","Quiero darte algo de parte de todos los
camaradas para darte las gracias.
¡Sigue así!","От имени всех спутников вот тебе знак
нашей признательности. Только
не почивай на лаврах!","W imieniu wszystkich kompanów
chciałbym dać ci dowód wdzięczności.
I liczymy na więcej!",,,"Em nome de todos os Amigos daqui,
gostaria de te agradecer. Mas não
pare por aqui!","동반자들을 대표해서
내가 감사 인사를 전한다냥.
앞으로도 잘 부탁한다냥.","我代表隨從們將這個
表達感謝之意的證明贈送給你喵。
今後也請你多多指教喵。","我代表随从们，
送你一份谢礼喵。
今后也请继续关照喵！",,,,,,,,"نيابة عن كل الأصدقاء هنا،
أريد تقديم كل عبارات الشكر الجزيل <LSNR {إليك} {إليكِ}>
فلا <LSNR {تتوقف} {تتوقفي}> هنا!",,,,,,,,,,,
